round,date,num1,num2,num3,num4,num5,num6,bonus,winnernum,price,carryover
2088,2026/3/26,8,16,18,27,37,39,29,3,85315200,0
2087,2026/3/23,7,10,15,18,26,39,13,1,600000000,0
2086,2026/3/19,4,11,19,28,39,40,6,0,0,377168743
2085,2026/3/16,6,8,13,26,35,43,14,1,600000000,0
2084,2026/3/12,8,17,18,19,30,39,9,0,0,462516068
2083,2026/3/9,8,10,13,17,26,29,43,0,0,210243220
2082,2026/3/5,5,11,14,19,25,40,17,2,266807600,0
2081,2026/3/2,14,31,32,37,41,42,22,0,0,247024989
2080,2026/2/26,6,12,30,36,37,38,8,1,455170700,0
2079,2026/2/23,5,11,15,17,24,39,31,0,0,207185202
2078,2026/2/19,1,10,20,24,30,35,41,1,495292100,0
2077,2026/2/16,17,18,23,24,26,43,10,0,0,238876055
2076,2026/2/12,1,9,20,22,28,41,30,5,94842000,0
2075,2026/2/9,7,10,14,16,35,37,11,0,0,222215112
2074,2026/2/5,5,6,16,26,27,36,11,4,281563500,0
2073,2026/2/2,2,12,14,24,26,29,8,0,0,826984918
2072,2026/1/29,8,18,24,36,40,42,43,0,0,538049454
2071,2026/1/26,15,24,29,32,33,35,14,0,0,273871384
2070,2026/1/22,6,10,25,30,34,36,12,1,200000000,0
2069,2026/1/19,6,17,23,27,33,35,4,9,86819200,0
2068,2026/1/15,2,10,13,14,29,33,32,0,0,484491749
2067,2026/1/12,3,4,12,15,32,42,31,0,0,221877669
2066,2026/1/8,8,28,30,32,37,38,5,1,542887200,0
2065,2026/1/5,6,18,21,31,37,40,3,0,0,259218384
2064,2025/12/29,2,7,24,37,39,41,3,1,600000000,0
2063,2025/12/25,4,28,29,30,38,42,15,0,0,313298859
2062,2025/12/22,1,9,18,24,35,42,8,1,200000000,0
2061,2025/12/18,5,6,13,21,33,34,40,1,276436400,0
2060,2025/12/15,8,16,22,40,41,42,10,1,200000000,0
2059,2025/12/11,2,13,26,28,38,43,3,2,110548300,0
2058,2025/12/8,9,12,14,16,19,42,18,2,115587500,0
2057,2025/12/4,5,7,21,22,38,41,24,3,217303700,0
2056,2025/12/1,3,7,15,17,19,30,38,1,600000000,0
2055,2025/11/27,11,12,14,17,21,26,2,0,0,600000000
2054,2025/11/24,1,14,27,30,33,37,23,1,600000000,0
2053,2025/11/20,20,28,31,35,37,41,13,0,0,0
2052,2025/11/17,1,3,18,25,30,34,10,0,0,0
2051,2025/11/13,3,15,27,28,31,39,20,2,600000000,0
2050,2025/11/10,6,11,15,21,25,32,5,0,0,0
2049,2025/11/6,10,24,25,39,40,42,19,0,0,200000000
2048,2025/11/3,8,13,18,32,37,43,27,0,0,200000000
2047,2025/10/30,10,11,16,19,37,39,27,0,0,200000000
2046,2025/10/27,2,5,10,22,25,38,14,3,65800600,0
2045,2025/10/23,1,4,7,12,16,28,19,3,239377600,0
2044,2025/10/20,1,6,11,26,33,40,14,0,0,200000000
2043,2025/10/16,11,19,22,34,40,42,31,0,0,200000000
2042,2025/10/13,9,14,29,38,41,43,12,1,470308700,0
2041,2025/10/9,4,19,22,24,32,38,11,0,0,200000000
2040,2025/10/6,7,12,14,15,24,30,32,1,474998900,0
2039,2025/10/2,2,15,25,27,38,42,22,0,0,200000000
2038,2025/9/28,5,31,37,39,41,42,33,1,468137300,0
2037,2025/9/25,7,12,20,23,27,29,10,0,0,200000000
2036,2025/9/22,7,10,17,26,35,42,33,1,454610000,0
2035,2025/9/18,5,10,12,17,21,35,9,0,0,200000000
2034,2025/9/15,2,13,22,25,35,37,17,2,106150000,0
2033,2025/9/11,5,16,21,22,33,35,26,3,85090000,0
2032,2025/9/8,8,15,27,33,37,39,31,1,200000000,20000000
2031,2025/9/4,2,3,16,20,23,29,27,3,194180000,0
2030,2025/9/1,3,7,28,29,32,36,13,0,0,300000000
2029,2025/8/28,7,21,31,36,40,43,41,1,488050000,80000000
2028,2025/8/25,6,10,12,19,21,42,16,0,0,200000000
2027,2025/8/21,5,12,18,23,34,39,13,1,200000000,0
2026,2025/8/18,2,5,8,11,20,26,28,6,71630000,0
2025,2025/8/14,12,18,26,28,41,43,35,0,0,200000000
2024,2025/8/11,10,13,16,29,34,42,21,2,130660000,0
2023,2025/8/7,1,20,28,29,31,43,5,1,200000000,30000000
2022,2025/8/4,2,3,18,26,31,33,30,2,370900000,0
2021,2025/7/31,2,17,22,29,30,43,31,0,0,500000000
2020,2025/7/28,5,21,23,28,38,39,32,0,0,200000000
2019,2025/7/24,7,13,14,21,39,42,9,2,109850000,0
2018,2025/7/21,1,2,14,21,22,33,37,2,102180000,0
2017,2025/7/17,2,4,11,22,24,35,8,3,148610000,0
2016,2025/7/14,10,13,27,31,40,42,1,0,0,200000000
2015,2025/7/10,6,8,13,16,20,23,26,4,56000000,0
2014,2025/7/7,7,11,21,24,29,34,40,1,200000000,20000000
2013,2025/7/3,7,12,30,31,39,43,42,2,144540000,0
2012,2025/6/29,1,14,20,36,38,41,30,1,200000000,50000000
2011,2025/6/26,12,14,18,24,30,42,4,1,482080000,0
2010,2025/6/23,9,15,24,29,31,40,13,0,0,200000000
2009,2025/6/19,8,17,20,35,36,40,12,2,110610000,0
2008,2025/6/16,5,8,9,17,22,36,30,1,212980000,0
2007,2025/6/12,6,18,23,24,30,35,38,1,200000000,0
2006,2025/6/9,4,7,19,22,26,28,33,2,366760000,0
2005,2025/6/5,3,7,18,27,33,34,6,0,0,500000000
2004,2025/6/2,16,18,25,27,31,36,7,0,0,200000000
2003,2025/5/29,1,5,10,13,35,40,39,5,272020000,0
2002,2025/5/26,1,17,19,23,36,42,15,0,0,1100000000
2001,2025/5/22,13,21,24,26,34,36,20,1,600000000,800000000
2000,2025/5/19,1,2,16,21,25,35,22,0,0,1100000000
1999,2025/5/15,17,31,34,35,36,38,2,0,0,800000000
1998,2025/5/12,1,4,6,9,20,43,21,0,0,500000000
1997,2025/5/8,5,16,17,28,36,40,14,0,0,200000000
1996,2025/5/5,6,17,26,28,33,34,20,2,105650000,0
1995,2025/5/1,2,4,8,26,27,37,19,3,66530000,0
1994,2025/4/28,10,11,13,16,24,26,12,1,243750000,0
1993,2025/4/24,7,12,13,35,37,42,31,1,200000000,10000000
1992,2025/4/21,9,11,18,21,27,34,13,2,107590000,0
1991,2025/4/17,1,5,12,16,17,40,4,2,333150000,0
1990,2025/4/14,6,9,15,19,24,40,30,1,600000000,400000000
1989,2025/4/10,15,17,23,29,35,43,8,0,0,700000000
1988,2025/4/7,6,20,23,24,33,35,27,1,600000000,400000000
1987,2025/4/3,8,12,25,28,32,42,27,1,600000000,800000000
1986,2025/3/31,14,20,29,31,41,42,24,0,0,1100000000
1985,2025/3/27,1,30,36,37,41,43,33,0,0,700000000
1984,2025/3/24,4,19,28,29,34,40,3,1,600000000,500000000
1983,2025/3/20,3,18,31,36,37,40,23,0,0,700000000
1982,2025/3/17,20,21,23,28,32,34,6,0,0,500000000
1981,2025/3/13,5,10,15,17,29,41,30,0,0,200000000
1980,2025/3/10,1,2,13,19,35,41,3,2,288240000,0
1979,2025/3/6,15,18,19,21,37,40,17,0,0,300000000
1978,2025/3/3,23,25,26,30,34,35,12,1,200000000,50000000
1977,2025/2/27,4,14,20,28,29,34,30,7,37160000,0
1976,2025/2/24,4,6,22,30,33,36,2,1,200000000,20000000
1975,2025/2/20,11,13,15,20,35,42,19,3,254050000,0
1974,2025/2/17,2,6,13,21,24,30,43,0,0,500000000
1973,2025/2/13,7,10,14,27,28,32,4,0,0,200000000
1972,2025/2/10,3,14,27,28,32,36,12,2,232090000,0
1971,2025/2/6,2,6,9,26,32,36,23,0,0,200000000
1970,2025/2/3,11,26,27,31,36,37,42,1,473980000,0
1969,2025/1/30,3,7,12,13,35,38,24,0,0,200000000
1968,2025/1/27,6,13,15,22,35,41,37,1,467060000,0
1967,2025/1/23,3,4,22,26,29,35,37,0,0,200000000
1966,2025/1/20,4,12,25,29,34,36,32,2,245220000,0
1965,2025/1/16,17,18,20,23,33,43,19,0,0,200000000
1964,2025/1/13,2,5,28,33,35,36,34,2,380760000,0
1963,2025/1/9,3,4,20,29,35,38,6,0,0,500000000
1962,2025/1/6,4,8,19,22,32,37,26,0,0,200000000
1961,2024/12/30,11,12,27,28,38,43,10,3,99350000,0
1960,2024/12/26,10,22,27,28,31,32,8,1,200000000,50000000
1959,2024/12/23,19,20,36,40,41,43,22,1,453640000,0
1958,2024/12/19,1,15,16,20,21,25,19,1,600000000,200000000
1957,2024/12/16,3,4,5,13,34,42,18,1,600000000,500000000
1956,2024/12/12,2,19,21,24,35,42,17,0,0,700000000
1955,2024/12/9,11,19,26,28,29,36,1,0,0,500000000
1954,2024/12/5,2,10,15,25,35,37,22,0,0,200000000
1953,2024/12/2,19,23,29,33,36,40,27,1,279080000,0
1952,2024/11/28,24,25,31,32,34,40,12,1,200000000,30000000
1951,2024/11/25,1,3,6,23,28,35,14,1,500140000,0
1950,2024/11/21,9,20,26,28,30,42,6,0,0,300000000
1949,2024/11/18,12,13,17,28,37,43,27,1,200000000,20000000
1948,2024/11/14,18,29,30,38,39,43,40,2,377660000,0
1947,2024/11/11,10,24,30,36,37,41,5,0,0,500000000
1946,2024/11/7,8,9,11,27,36,38,18,0,0,200000000
1945,2024/11/4,1,2,4,14,27,43,41,2,104030000,0
1944,2024/10/31,6,11,21,33,39,42,18,2,105420000,0
1943,2024/10/28,10,11,17,25,34,38,9,2,231600000,0
1942,2024/10/24,1,16,18,26,27,35,29,0,0,200000000
1941,2024/10/21,2,12,13,21,23,43,39,1,245990000,0
1940,2024/10/17,2,14,15,25,26,42,9,1,200000000,20000000
1939,2024/10/14,10,22,26,27,29,37,41,2,122240000,0
1938,2024/10/10,5,9,14,32,39,41,24,1,200000000,20000000
1937,2024/10/7,1,9,26,28,31,38,8,2,391290000,0
1936,2024/10/3,1,6,19,29,33,35,26,0,0,500000000
1935,2024/9/30,3,8,12,14,17,40,2,0,0,200000000
1934,2024/9/26,6,13,16,20,27,41,30,1,200000000,20000000
1933,2024/9/23,3,7,9,10,12,30,16,3,57060000,0
1932,2024/9/19,1,5,16,20,24,31,29,1,247210000,0
1931,2024/9/16,9,23,27,30,33,41,4,1,200000000,20000000
1930,2024/9/12,5,10,19,23,29,37,11,3,313330000,0
1929,2024/9/9,7,10,12,20,40,43,4,0,0,700000000
1928,2024/9/5,2,18,20,24,26,29,22,0,0,400000000
1927,2024/9/2,2,11,18,26,32,36,10,1,600000000,100000000
1926,2024/8/29,10,13,18,24,34,37,1,0,0,500000000
1925,2024/8/26,5,9,11,18,34,37,22,0,0,200000000
1924,2024/8/22,7,16,18,25,26,27,17,2,356520000,0
1923,2024/8/19,6,7,18,30,34,37,3,0,0,500000000
1922,2024/8/15,3,11,22,31,33,35,13,0,0,200000000
1921,2024/8/12,1,2,13,25,33,41,31,1,200000000,0
1920,2024/8/8,6,10,22,23,31,36,37,2,100600000,0
1919,2024/8/5,5,17,19,21,38,41,6,3,70990000,0
1918,2024/8/1,3,4,5,6,18,20,11,6,37640000,0
1917,2024/7/29,3,12,14,29,30,33,21,1,200000000,20000000
1916,2024/7/25,5,13,18,23,30,39,33,1,442500000,0
1915,2024/7/22,4,10,14,19,24,40,15,0,0,200000000
1914,2024/7/18,4,10,22,24,36,38,8,2,106720000,0
1913,2024/7/15,2,5,22,23,29,33,17,2,347190000,0
1912,2024/7/11,1,11,24,29,33,34,4,0,0,500000000
1911,2024/7/8,4,8,9,14,16,41,15,0,0,200000000
1910,2024/7/4,2,8,24,29,30,31,6,1,332910000,0
1909,2024/7/1,3,5,7,8,22,27,28,1,600000000,100000000
1908,2024/6/27,3,9,21,25,42,43,36,0,0,500000000
1907,2024/6/24,10,14,21,23,24,40,28,0,0,200000000
1906,2024/6/20,1,8,21,22,30,42,24,3,70840000,0
1905,2024/6/17,4,5,17,20,29,30,40,4,115000000,0
1904,2024/6/13,14,21,23,24,28,36,7,0,0,200000000
1903,2024/6/10,18,19,23,25,27,32,20,2,110010000,0
1902,2024/6/6,4,7,15,18,35,40,12,1,375960000,0
1901,2024/6/3,14,15,26,28,33,37,4,1,600000000,100000000
1900,2024/5/30,3,9,29,30,39,42,23,0,0,500000000
1899,2024/5/27,2,4,9,19,33,36,3,0,0,200000000
1898,2024/5/23,5,19,23,26,31,42,32,3,241810000,0
1897,2024/5/20,7,23,27,30,34,36,28,0,0,500000000
1896,2024/5/16,5,12,15,16,28,40,1,0,0,200000000
1895,2024/5/13,6,18,29,33,35,40,1,2,247410000,0
1894,2024/5/9,19,29,36,37,41,42,35,0,0,200000000
1893,2024/5/6,25,31,33,35,37,42,16,2,310730000,0
1892,2024/5/2,7,8,9,19,22,38,24,1,600000000,300000000
1891,2024/4/29,2,16,23,38,40,43,33,0,0,700000000
1890,2024/4/25,17,21,29,34,41,42,2,0,0,400000000
1889,2024/4/22,7,15,21,27,28,32,24,1,600000000,100000000
1888,2024/4/18,4,5,6,28,29,39,7,0,0,500000000
1887,2024/4/15,5,7,15,18,36,37,20,0,0,200000000
1886,2024/4/11,1,6,19,25,33,39,15,2,105660000,0
1885,2024/4/8,2,6,7,16,17,41,32,1,489810000,0
1884,2024/4/4,20,25,29,36,38,42,19,0,0,200000000
1883,2024/4/1,3,11,24,25,28,32,5,1,230080000,0
1882,2024/3/28,3,6,11,25,36,43,10,1,200000000,0
1881,2024/3/25,2,9,22,31,33,35,30,2,275080000,0
1880,2024/3/21,9,14,21,31,33,43,30,0,0,300000000
1879,2024/3/18,1,8,14,27,29,37,6,1,200000000,30000000
1878,2024/3/14,6,8,12,18,32,38,39,2,368910000,0
1877,2024/3/11,1,11,13,16,21,37,6,0,0,500000000
1876,2024/3/6,4,7,17,31,38,43,30,0,0,200000000
1875,2024/3/4,11,15,16,24,38,39,29,3,166300000,0
1874,2024/2/29,13,31,33,36,41,43,29,0,0,200000000
1873,2024/2/26,6,15,26,33,39,41,42,2,131720000,0
1872,2024/2/22,3,18,20,25,34,40,31,1,200000000,30000000
1871,2024/2/19,7,13,22,24,38,42,14,2,254070000,0
1870,2024/2/15,5,9,13,23,25,40,27,0,0,200000000
1869,2024/2/12,7,8,16,28,36,37,29,1,200000000,20000000
1868,2024/2/8,3,7,22,23,24,32,2,2,101920000,0
1867,2024/2/5,1,6,17,28,40,42,4,1,504000000,0
1866,2024/2/1,8,19,21,29,38,40,12,0,0,200000000
1865,2024/1/29,3,5,18,21,26,36,34,3,73760000,0
1864,2024/1/25,14,22,28,34,41,42,11,1,574190000,0
1863,2024/1/22,15,20,24,37,38,39,27,0,0,300000000
1862,2024/1/18,25,27,33,37,38,43,16,1,200000000,40000000
1861,2024/1/15,2,12,13,27,39,40,30,2,282830000,0
1860,2024/1/11,8,15,20,21,31,34,28,2,600000000,300000000
1859,2024/1/8,1,4,11,28,37,39,15,0,0,1100000000
1858,2024/1/4,12,13,17,22,35,40,5,0,0,800000000
1857,2023/12/28,11,16,20,23,38,41,33,0,0,500000000
1856,2023/12/25,4,10,19,31,34,35,43,1,600000000,200000000
1855,2023/12/21,21,24,26,30,31,38,3,0,0,500000000
1854,2023/12/18,7,8,12,25,30,32,40,0,0,200000000
1853,2023/12/14,11,13,24,26,28,34,17,2,548750000,0
1852,2023/12/11,15,16,24,26,35,43,38,0,0,800000000
1851,2023/12/7,8,9,10,16,17,39,4,0,0,500000000
1850,2023/12/4,1,8,23,30,36,41,39,0,0,200000000
1849,2023/11/30,11,15,17,33,36,41,6,1,262840000,0
1848,2023/11/27,3,23,26,27,31,35,10,1,200000000,30000000
1847,2023/11/23,18,22,25,35,36,39,43,1,505530000,0
1846,2023/11/20,6,8,15,16,33,37,34,0,0,300000000
1845,2023/11/16,10,22,25,30,31,39,28,1,200000000,20000000
1844,2023/11/13,12,15,28,31,34,43,9,1,475070000,0
1843,2023/11/9,4,5,10,19,26,37,3,0,0,200000000
1842,2023/11/6,4,6,9,24,26,29,35,7,52610000,0
1841,2023/11/2,8,11,15,31,33,38,30,1,600000000,100000000
1840,2023/10/30,4,9,15,21,26,33,13,0,0,500000000
1839,2023/10/26,2,5,26,32,34,40,21,0,0,200000000
1838,2023/10/23,3,13,23,28,30,43,5,3,165070000,0
1837,2023/10/19,16,17,27,34,38,42,20,0,0,200000000
1836,2023/10/16,13,17,18,22,23,41,26,2,399230000,0
1835,2023/10/12,11,20,23,24,31,33,1,0,0,500000000
1834,2023/10/9,14,21,30,38,40,42,20,0,0,300000000
1833,2023/10/5,7,13,34,37,42,43,38,1,200000000,30000000
1832,2023/10/2,2,7,20,25,35,40,6,3,79450000,0
1831,2023/9/28,1,14,17,27,32,43,42,2,245960000,0
1830,2023/9/25,4,10,23,29,31,36,6,0,0,200000000
1829,2023/9/21,12,15,16,17,28,42,32,1,351360000,0
1828,2023/9/18,1,6,9,16,18,22,8,1,600000000,100000000
1827,2023/9/14,1,13,18,23,38,41,36,0,0,500000000
1826,2023/9/11,7,14,18,19,22,25,38,0,0,200000000
1825,2023/9/7,1,10,13,17,20,41,4,2,114150000,0
1824,2023/9/4,6,7,13,18,25,43,33,1,516960000,0
1823,2023/8/31,4,10,18,25,34,38,40,0,0,300000000
1822,2023/8/28,5,18,21,22,26,42,8,1,200000000,20000000
1821,2023/8/24,9,11,12,14,27,38,34,2,366130000,0
1820,2023/8/21,5,10,30,35,36,41,23,0,0,500000000
1819,2023/8/17,5,8,18,20,24,34,29,0,0,200000000
1818,2023/8/14,2,11,23,25,34,36,1,3,338010000,0
1817,2023/8/10,6,24,30,33,37,38,7,0,0,700000000
1816,2023/8/7,2,21,25,34,35,40,6,0,0,500000000
1815,2023/8/3,3,8,10,25,26,29,32,0,0,200000000
1814,2023/7/31,1,2,13,21,23,31,5,3,159510000,0
1813,2023/7/27,5,22,26,34,39,42,12,0,0,200000000
1812,2023/7/24,10,13,18,28,36,39,7,2,372890000,0
1811,2023/7/20,2,4,6,13,20,38,33,0,0,500000000
1810,2023/7/17,4,17,26,30,31,43,25,0,0,200000000
1809,2023/7/13,2,5,10,22,24,42,7,1,255710000,0
1808,2023/7/10,2,10,27,38,40,41,11,1,200000000,40000000
1807,2023/7/6,1,2,8,9,10,20,25,6,182250000,0
1806,2023/7/3,11,30,35,38,40,43,12,0,0,800000000
1805,2023/6/29,4,22,27,31,32,40,35,0,0,500000000
1804,2023/6/26,12,14,18,25,36,42,26,0,0,200000000
1803,2023/6/22,9,16,18,19,39,41,3,2,381600000,0
1802,2023/6/19,1,9,34,35,39,42,33,1,600000000,500000000
1801,2023/6/15,18,25,26,37,39,43,21,0,0,800000000
1800,2023/6/12,6,12,13,15,17,41,27,0,0,500000000
1799,2023/6/8,11,18,34,40,41,42,14,0,0,200000000
1798,2023/6/5,4,5,19,32,34,37,41,1,537760000,0
1797,2023/6/1,15,23,26,34,41,43,32,0,0,300000000
1796,2023/5/29,2,5,15,16,23,26,32,1,600000000,20000000
1795,2023/5/25,26,30,31,35,41,43,5,0,0,400000000
1794,2023/5/22,24,29,32,35,36,40,39,1,200000000,100000000
1793,2023/5/18,1,6,14,15,23,24,42,1,471000000,0
1792,2023/5/15,1,4,16,31,32,41,30,0,0,200000000
1791,2023/5/11,8,9,18,19,30,36,17,1,258220000,0
1790,2023/5/8,6,14,18,22,29,30,36,1,200000000,30000000
1789,2023/5/4,6,9,16,26,29,34,36,2,104930000,0
1788,2023/5/1,3,14,16,19,26,39,9,3,94570000,0
1787,2023/4/27,2,13,17,19,41,43,1,1,200000000,40000000
1786,2023/4/24,2,5,6,26,33,35,13,3,74850000,0
1785,2023/4/20,4,11,24,35,37,42,7,2,259100000,0
1784,2023/4/17,3,19,30,32,36,40,42,0,0,300000000
1783,2023/4/13,5,14,19,23,30,42,35,3,398380000,0
1782,2023/4/10,7,31,32,36,39,42,34,0,0,900000000
1781,2023/4/6,10,18,32,39,41,42,12,1,600000000,600000000
1780,2023/4/3,1,5,19,26,35,37,32,0,0,900000000
1779,2023/3/30,11,13,20,33,35,40,34,0,0,600000000
1778,2023/3/27,9,19,24,25,26,39,34,0,0,300000000
1777,2023/3/23,5,16,19,21,30,35,11,1,200000000,40000000
1776,2023/3/20,5,11,18,25,33,38,32,8,99350000,0
1775,2023/3/16,4,5,9,26,27,29,43,1,600000000,500000000
1774,2023/3/13,17,18,26,30,36,40,3,0,0,800000000
1773,2023/3/9,12,21,22,27,31,32,20,0,0,500000000
1772,2023/3/6,5,21,22,30,32,36,16,0,0,300000000
1771,2023/3/2,3,6,12,16,31,42,40,1,200000000,20000000
1770,2023/2/27,1,11,18,24,37,43,28,2,398400000,0
1769,2023/2/23,4,11,15,19,28,32,34,0,0,500000000
1768,2023/2/20,6,21,30,32,39,40,34,0,0,300000000
1767,2023/2/16,7,15,17,21,32,35,43,2,411170000,0
1766,2023/2/13,16,19,25,26,35,43,38,1,600000000,500000000
1765,2023/2/9,1,10,15,19,20,32,6,0,0,800000000
1764,2023/2/6,16,21,26,31,39,42,41,0,0,500000000
1763,2023/2/2,2,6,20,30,31,41,11,0,0,200000000
1762,2023/1/30,1,6,7,20,37,40,10,2,211300000,0
1761,2023/1/26,5,7,13,21,23,30,42,1,600000000,200000000
1760,2023/1/23,8,14,18,38,39,42,30,0,0,500000000
1759,2023/1/19,1,10,25,27,28,33,15,0,0,200000000
1758,2023/1/16,7,14,28,32,42,43,17,2,143790000,0
1757,2023/1/12,6,12,15,35,36,39,42,1,200000000,30000000
1756,2023/1/9,19,25,29,36,37,41,2,3,90290000,0
1755,2023/1/5,4,11,13,26,27,36,15,1,492710000,0
1754,2022/12/29,3,6,7,19,35,39,21,0,0,200000000
1753,2022/12/26,1,2,4,9,22,25,38,4,120200000,0
1752,2022/12/22,2,5,15,20,22,36,8,0,0,200000000
1751,2022/12/19,1,12,21,24,29,42,32,2,145790000,0
1750,2022/12/15,3,15,18,21,34,40,1,1,200000000,40000000
1749,2022/12/12,1,4,13,17,31,34,18,1,496120000,0
1748,2022/12/8,8,11,23,28,36,39,6,2,600000000,200000000
1747,2022/12/5,1,9,11,14,15,40,32,0,0,1100000000
1746,2022/12/1,3,11,14,22,27,32,31,0,0,800000000
1745,2022/11/28,7,9,10,21,39,40,32,0,0,500000000
1744,2022/11/24,1,8,21,25,26,35,20,0,0,200000000
1743,2022/11/21,3,17,18,19,20,42,9,1,525680000,0
1742,2022/11/17,16,20,22,29,33,40,25,0,0,200000000
1741,2022/11/14,4,14,17,19,22,42,6,2,282130000,0
1740,2022/11/10,14,21,24,27,31,38,5,0,0,300000000
1739,2022/11/7,1,7,12,36,37,39,41,1,200000000,50000000
1738,2022/11/3,7,12,20,31,33,43,14,3,168080000,0
1737,2022/10/31,12,14,22,24,29,33,3,0,0,200000000
1736,2022/10/27,6,9,25,26,27,32,11,4,123700000,0
1735,2022/10/24,1,21,24,33,40,41,12,0,0,200000000
1734,2022/10/20,5,6,11,19,28,35,42,2,103130000,0
1733,2022/10/17,22,24,25,27,29,39,7,1,516760000,0
1732,2022/10/13,3,18,19,34,38,42,14,0,0,200000000
1731,2022/10/10,3,7,19,21,32,35,6,3,71120000,0
1730,2022/10/6,4,8,16,21,22,26,23,2,231360000,0
1729,2022/10/3,11,15,24,25,28,31,9,0,0,200000000
1728,2022/9/29,4,8,14,18,26,38,3,2,106580000,0
1727,2022/9/26,3,13,16,22,33,42,15,2,254650000,0
1726,2022/9/22,9,14,16,21,27,43,26,0,0,200000000
1725,2022/9/19,2,10,16,17,20,28,1,1,200000000,0
1724,2022/9/15,6,9,24,26,33,37,16,2,237950000,0
1723,2022/9/12,6,10,15,16,30,38,26,0,0,200000000
1722,2022/9/8,2,5,30,33,36,42,28,2,117410000,0
1721,2022/9/5,7,8,14,17,22,39,30,4,56370000,0
1720,2022/9/1,1,5,18,25,32,38,20,2,112190000,0
1719,2022/8/29,4,11,15,16,35,39,36,3,163590000,0
1718,2022/8/25,1,6,9,15,18,38,10,0,0,200000000
1717,2022/8/22,15,21,23,24,33,36,40,1,505270000,0
1716,2022/8/18,2,26,27,32,38,42,9,0,0,200000000
1715,2022/8/15,2,6,15,16,32,37,25,5,340520000,0
1714,2022/8/11,11,15,20,26,33,42,16,0,0,1400000000
1713,2022/8/8,6,32,38,39,40,42,37,0,0,1100000000
1712,2022/8/4,1,5,15,24,25,28,14,0,0,800000000
1711,2022/8/1,3,32,33,34,35,40,5,0,0,500000000
1710,2022/7/28,1,2,21,27,32,37,14,0,0,200000000
1709,2022/7/25,3,4,7,20,22,41,5,1,496250000,0
1708,2022/7/21,1,20,29,35,40,41,16,0,0,200000000
1707,2022/7/18,14,16,28,34,35,36,26,1,489690000,0
1706,2022/7/14,13,15,32,35,37,38,25,0,0,200000000
1705,2022/7/11,3,6,9,28,37,41,5,2,272160000,0
1704,2022/7/7,1,5,18,26,39,40,31,0,0,300000000
1703,2022/7/4,14,22,23,30,33,38,18,1,200000000,50000000
1702,2022/6/30,2,6,7,18,27,38,14,1,198350000,0
1701,2022/6/27,5,8,27,30,33,39,10,3,168440000,0
1700,2022/6/23,11,19,20,27,31,35,6,0,0,200000000
1699,2022/6/20,4,6,16,27,39,42,1,1,507200000,0
1698,2022/6/16,6,16,18,33,42,43,11,0,0,200000000
1697,2022/6/13,2,3,11,12,22,35,26,1,516520000,0
1696,2022/6/9,2,4,13,18,32,35,12,0,0,300000000
1695,2022/6/6,3,8,14,18,28,37,39,1,200000000,20000000
1694,2022/6/2,2,12,14,26,32,37,29,1,267870000,0
1693,2022/5/30,7,8,21,23,34,36,11,1,200000000,30000000
1692,2022/5/26,4,8,17,31,37,42,14,1,520780000,0
1691,2022/5/23,13,16,18,29,33,41,26,0,0,200000000
1690,2022/5/19,8,16,21,23,29,37,38,3,72360000,0
1689,2022/5/16,4,7,21,22,34,42,31,5,48330000,0
1688,2022/5/12,2,4,10,24,34,42,8,3,173840000,0
1687,2022/5/9,20,21,23,26,29,35,22,0,0,300000000
1686,2022/5/5,7,8,9,23,25,41,11,2,102690000,0
1685,2022/5/2,1,26,27,28,33,37,8,1,332070000,0
1684,2022/4/28,5,10,26,30,34,40,31,1,200000000,50000000
1683,2022/4/25,6,15,28,30,32,43,21,3,526690000,0
1682,2022/4/21,6,9,10,21,33,41,14,0,0,1200000000
1681,2022/4/18,1,7,11,13,15,42,33,0,0,800000000
1680,2022/4/14,4,19,29,32,35,42,25,0,0,500000000
1679,2022/4/11,10,12,13,21,31,41,27,0,0,200000000
1678,2022/4/7,3,15,17,21,22,23,13,2,109880000,0
1677,2022/4/4,11,20,26,31,34,38,32,3,205630000,0
1676,2022/3/31,5,13,21,27,31,36,11,0,0,300000000
1675,2022/3/28,2,3,17,27,28,34,6,1,200000000,60000000
1674,2022/3/24,14,19,25,29,33,43,31,1,522550000,0
1673,2022/3/21,24,33,35,36,41,43,21,0,0,200000000
1672,2022/3/17,6,17,22,27,37,42,34,2,114360000,0
1671,2022/3/14,16,27,37,38,39,43,10,1,549310000,0
1670,2022/3/10,1,16,20,23,32,37,18,0,0,200000000
1669,2022/3/7,2,4,13,14,22,29,26,2,306390000,0
1668,2022/3/3,5,16,21,24,31,34,29,1,600000000,300000000
1667,2022/2/28,5,8,18,25,40,43,17,0,0,600000000
1666,2022/2/24,14,16,26,37,41,43,31,0,0,300000000
1665,2022/2/21,19,22,24,29,34,41,9,1,200000000,50000000
1664,2022/2/17,7,10,17,20,21,27,15,1,498090000,0
1663,2022/2/14,1,6,19,21,27,39,3,0,0,200000000
1662,2022/2/10,4,17,18,25,26,27,32,1,518830000,0
1661,2022/2/7,6,14,31,35,38,43,12,0,0,300000000
1660,2022/2/3,3,13,29,35,42,43,15,1,321050000,0
1659,2022/1/31,4,10,23,25,37,42,6,1,200000000,50000000
1658,2022/1/27,10,11,19,29,30,36,37,2,160290000,0
1657,2022/1/24,11,13,16,19,20,38,25,1,200000000,60000000
1656,2022/1/20,11,12,14,28,36,38,37,2,462300000,0
1655,2022/1/17,21,23,31,38,42,43,40,0,0,600000000
1654,2022/1/13,9,10,14,21,22,33,26,0,0,300000000
1653,2022/1/10,2,7,10,12,29,36,6,1,200000000,20000000
1652,2022/1/6,8,15,16,23,38,43,2,2,119840000,0
1651,2021/12/30,7,12,15,21,27,32,28,2,119490000,0
1650,2021/12/27,1,3,15,33,39,43,30,4,132930000,0
1649,2021/12/23,8,16,19,23,29,41,1,0,0,200000000
1648,2021/12/20,2,3,22,26,35,42,38,3,275610000,0
1647,2021/12/16,3,8,14,15,19,35,12,0,0,500000000
1646,2021/12/13,3,19,21,29,39,43,25,0,0,200000000
1645,2021/12/9,2,8,13,14,33,40,6,3,93780000,0
1644,2021/12/6,1,9,14,28,32,40,15,1,200000000,50000000
1643,2021/12/2,10,11,12,15,16,40,33,2,140900000,0
1642,2021/11/29,5,15,16,24,34,39,13,1,200000000,40000000
1641,2021/11/25,2,5,7,12,16,20,33,7,29020000,0
1640,2021/11/22,8,9,19,21,27,30,17,2,401020000,0
1639,2021/11/18,5,9,13,20,26,32,28,0,0,500000000
1638,2021/11/15,21,25,26,35,39,40,18,0,0,300000000
1637,2021/11/11,2,3,11,16,27,36,29,2,103420000,0
1636,2021/11/8,1,12,24,26,30,36,29,4,59740000,0
1635,2021/11/4,4,8,19,32,36,43,30,2,407950000,0
1634,2021/11/1,18,19,20,23,29,35,17,0,0,500000000
1633,2021/10/28,3,7,9,26,35,36,28,0,0,200000000
1632,2021/10/25,1,9,24,28,31,41,2,3,80880000,0
1631,2021/10/21,7,15,23,26,30,35,36,2,116120000,0
1630,2021/10/18,10,11,24,33,34,36,42,4,136550000,0
1629,2021/10/14,19,23,30,31,32,40,13,0,0,300000000
1628,2021/10/11,1,3,10,12,26,42,13,2,563850000,0
1627,2021/10/7,21,22,23,26,36,38,13,0,0,800000000
1626,2021/10/4,9,11,19,23,30,43,27,0,0,500000000
1625,2021/9/30,1,4,8,11,30,42,9,0,0,200000000
1624,2021/9/27,3,5,17,25,33,39,19,4,57630000,0
1623,2021/9/23,7,12,15,17,19,29,22,2,260840000,0
1622,2021/9/20,16,29,34,35,40,41,26,0,0,300000000
1621,2021/9/16,3,10,22,23,26,39,1,1,512060000,0
1620,2021/9/13,7,15,19,24,25,28,11,0,0,200000000
1619,2021/9/6,3,5,17,20,24,38,13,1,582590000,0
1618,2021/9/6,2,10,14,17,37,43,38,0,0,300000000
1617,2021/9/2,2,19,21,24,26,41,23,1,200000000,50000000
1616,2021/8/30,1,4,6,21,34,41,12,1,478270000,0
1615,2021/8/26,2,5,6,13,19,29,25,1,600000000,200000000
1614,2021/8/23,4,5,20,29,40,43,24,0,0,500000000
1613,2021/8/19,9,17,22,25,30,41,15,0,0,200000000
1612,2021/8/16,5,8,12,16,27,38,42,8,25390000,0
1611,2021/8/12,3,14,16,24,32,36,34,2,259020000,0
1610,2021/8/9,1,8,13,22,41,42,40,0,0,300000000
1609,2021/8/5,4,12,16,34,35,41,5,1,200000000,30000000
1608,2021/8/2,10,18,22,23,25,35,19,1,509280000,0
1607,2021/7/29,10,13,14,15,17,22,40,0,0,200000000
1606,2021/7/26,18,23,25,26,32,34,43,1,505790000,0
1605,2021/7/22,2,5,8,20,29,40,6,0,0,200000000
1604,2021/7/19,12,21,23,36,37,38,6,4,303280000,0
1603,2021/7/15,4,6,32,35,40,42,26,0,0,900000000
1602,2021/7/12,1,2,7,14,32,42,33,0,0,600000000
1601,2021/7/8,6,13,17,18,21,41,37,0,0,300000000
1600,2021/7/5,7,14,22,35,37,39,24,1,200000000,50000000
1599,2021/7/1,1,2,20,22,35,38,4,1,337890000,0
1598,2021/6/28,9,11,26,28,39,43,1,1,200000000,60000000
1597,2021/6/24,2,3,8,17,23,32,12,3,454290000,0
1596,2021/6/21,10,15,30,35,42,43,26,0,0,1000000000
1595,2021/6/17,16,21,30,32,40,43,15,1,600000000,700000000
1594,2021/6/14,1,5,6,13,34,36,18,1,600000000,900000000
1593,2021/6/10,6,17,18,35,37,38,16,0,0,1200000000
1592,2021/6/7,4,16,25,30,36,43,19,1,600000000,900000000
1591,2021/6/3,7,9,18,21,26,43,14,1,600000000,1200000000
1590,2021/5/31,10,12,15,29,33,42,17,1,600000000,1400000000
1589,2021/5/27,11,21,25,31,36,39,32,1,600000000,1700000000
1588,2021/5/24,6,16,27,31,32,34,11,0,0,1900000000
1587,2021/5/20,16,21,22,27,36,43,37,0,0,1500000000
1586,2021/5/17,2,13,19,27,40,42,14,0,0,1200000000
1585,2021/5/13,2,6,10,13,16,32,9,0,0,800000000
1584,2021/5/10,13,15,18,30,37,43,9,1,600000000,600000000
1583,2021/5/6,5,7,16,34,39,41,29,0,0,800000000
1582,2021/5/3,18,32,35,36,39,41,28,0,0,500000000
1581,2021/4/29,6,12,30,31,41,43,1,0,0,200000000
1580,2021/4/26,5,7,11,12,24,31,3,9,54370000,0
1579,2021/4/22,23,29,32,33,37,42,1,0,0,300000000
1578,2021/4/19,3,15,17,19,21,34,4,2,273080000,0
1577,2021/4/15,13,14,15,28,37,39,4,0,0,300000000
1576,2021/4/12,5,7,10,17,29,32,37,1,200000000,20000000
1575,2021/4/8,2,8,15,24,32,39,9,5,42570000,0
1574,2021/4/5,1,2,3,20,31,32,13,1,321520000,0
1573,2021/4/1,2,10,16,38,39,43,11,1,200000000,70000000
1572,2021/3/29,4,6,10,19,28,38,40,4,54870000,0
1571,2021/3/25,1,2,5,25,40,41,26,1,447340000,0
1570,2021/3/22,1,19,22,23,31,36,24,1,600000000,200000000
1569,2021/3/18,2,8,29,31,32,33,16,0,0,500000000
1568,2021/3/15,2,5,7,10,16,34,14,0,0,200000000
1567,2021/3/11,5,7,19,26,37,40,34,2,111520000,0
1566,2021/3/8,12,13,20,24,30,35,34,2,139760000,0
1565,2021/3/4,5,9,17,28,30,37,27,1,200000000,20000000
1564,2021/3/1,5,6,18,20,27,37,7,3,268500000,0
1563,2021/2/25,1,12,20,26,35,37,2,0,0,500000000
1562,2021/2/22,2,4,15,16,26,33,25,0,0,200000000
1561,2021/2/18,12,15,26,34,35,38,7,2,149670000,0
1560,2021/2/15,7,19,24,32,40,42,22,1,200000000,40000000
1559,2021/2/11,4,15,17,20,26,31,43,1,480870000,0
1558,2021/2/8,1,12,25,27,39,42,16,1,600000000,200000000
1557,2021/2/4,5,21,22,23,26,39,31,0,0,500000000
1556,2021/2/1,10,19,28,30,38,42,18,0,0,300000000
1555,2021/1/28,2,8,17,23,24,27,5,2,101800000,0
1554,2021/1/25,6,14,16,27,40,42,26,2,124360000,0
1553,2021/1/21,7,8,16,32,41,42,31,4,77870000,0
1552,2021/1/18,5,9,15,30,32,39,11,1,200000000,60000000
1551,2021/1/14,3,14,18,24,38,43,23,3,180900000,0
1550,2021/1/11,8,11,22,32,37,42,41,1,600000000,300000000
1549,2021/1/7,4,5,27,28,35,41,33,0,0,600000000
1548,2021/1/4,18,24,26,35,39,42,32,0,0,300000000
1547,2020/12/28,4,11,14,17,22,39,21,1,200000000,50000000
1546,2020/12/24,1,18,19,24,31,40,16,2,275570000,0
1545,2020/12/21,8,14,15,26,37,43,12,1,600000000,300000000
1544,2020/12/17,3,11,25,26,39,42,34,1,600000000,500000000
1543,2020/12/14,17,21,26,33,36,38,34,0,0,800000000
1542,2020/12/10,11,12,16,17,20,36,18,0,0,500000000
1541,2020/12/7,12,26,28,32,33,35,41,0,0,200000000
1540,2020/12/3,1,20,25,28,33,37,31,2,118850000,0
1539,2020/11/30,13,29,33,37,41,42,43,1,530480000,0
1538,2020/11/26,8,14,19,33,35,40,38,0,0,200000000
1537,2020/11/23,6,13,14,32,33,37,20,1,261380000,0
1536,2020/11/19,2,5,9,30,37,40,28,1,200000000,20000000
1535,2020/11/16,1,9,14,30,35,38,32,2,259480000,0
1534,2020/11/12,1,9,18,22,24,43,39,0,0,200000000
1533,2020/11/9,15,22,27,37,38,41,5,2,117490000,0
1532,2020/11/5,2,9,14,16,17,21,34,2,240050000,0
1531,2020/11/2,2,6,7,10,30,33,14,0,0,200000000
1530,2020/10/29,2,5,10,34,37,40,7,1,512110000,0
1529,2020/10/26,3,19,26,28,33,40,1,0,0,200000000
1528,2020/10/22,1,14,17,34,35,37,16,2,119730000,0
1527,2020/10/19,2,5,9,11,27,32,33,3,68380000,0
1526,2020/10/15,4,17,19,21,39,41,36,3,78740000,0
1525,2020/10/12,3,7,20,21,28,32,24,6,181610000,0
1524,2020/10/8,2,3,15,24,30,43,39,0,0,800000000
1523,2020/10/5,2,15,17,25,34,38,27,0,0,500000000
1522,2020/10/1,5,17,21,22,32,35,41,0,0,200000000
1521,2020/9/28,17,21,22,40,41,42,13,3,83840000,0
1520,2020/9/24,1,6,11,13,30,33,4,2,232860000,0
1519,2020/9/21,5,8,20,21,27,43,9,0,0,200000000
1518,2020/9/17,6,15,16,22,36,41,20,1,291680000,0
1517,2020/9/14,14,25,27,30,39,41,8,1,200000000,50000000
1516,2020/9/10,25,32,34,37,41,42,28,2,253140000,0
1515,2020/9/7,5,9,17,21,27,29,30,0,0,200000000
1514,2020/9/3,11,16,22,29,37,43,5,7,42780000,0
1513,2020/8/31,13,14,18,19,25,42,5,1,200000000,50000000
1512,2020/8/27,1,11,12,24,32,38,39,1,277450000,0
1511,2020/8/24,11,16,22,24,38,40,6,1,200000000,40000000
1510,2020/8/20,8,13,17,18,21,38,23,2,136110000,0
1509,2020/8/17,6,11,12,34,36,41,43,1,200000000,40000000
1508,2020/8/13,9,13,28,29,32,40,41,3,263030000,0
1507,2020/8/10,19,20,22,30,35,43,29,0,0,500000000
1506,2020/8/6,10,12,19,28,35,41,39,0,0,200000000
1505,2020/8/3,1,2,14,15,21,34,19,1,278420000,0
1504,2020/7/30,5,7,9,21,42,43,35,1,200000000,30000000
1503,2020/7/27,1,8,16,35,40,42,20,1,521510000,0
1502,2020/7/23,1,17,25,28,32,42,26,0,0,200000000
1501,2020/7/20,6,10,13,25,31,38,15,26,19930000,0
1500,2020/7/16,19,21,22,28,29,30,4,0,0,300000000
1499,2020/7/13,10,11,27,28,29,37,13,1,536590000,0
1498,2020/7/9,1,6,7,9,31,37,43,0,0,300000000
1497,2020/7/6,6,22,28,30,35,37,8,1,200000000,40000000
1496,2020/7/2,5,9,13,16,17,34,37,2,256140000,0
1495,2020/6/29,18,24,32,34,37,41,22,0,0,200000000
1494,2020/6/25,8,15,17,24,26,38,27,1,262840000,0
1493,2020/6/22,11,18,24,27,37,38,15,1,200000000,30000000
1492,2020/6/18,4,16,18,32,38,42,36,2,181230000,0
1491,2020/6/15,8,11,23,31,34,37,1,1,200000000,100000000
1490,2020/6/11,7,19,24,29,39,43,11,2,365000000,0
1489,2020/6/8,4,6,11,13,23,32,1,0,0,400000000
1488,2020/6/4,4,10,11,17,34,37,38,0,0,200000000
1487,2020/6/1,5,7,9,17,24,35,36,1,246320000,0
1486,2020/5/28,18,24,29,33,39,42,34,1,200000000,20000000
1485,2020/5/25,9,10,18,27,28,35,37,2,466750000,0
1484,2020/5/21,4,12,17,18,23,41,28,0,0,600000000
1483,2020/5/18,3,10,20,23,29,43,22,0,0,400000000
1482,2020/5/14,8,26,28,32,41,43,14,0,0,200000000
1481,2020/5/11,3,9,21,31,41,42,18,1,319780000,0
1480,2020/5/7,2,4,5,6,24,34,39,0,0,100000000
1479,2020/5/4,1,20,30,32,35,37,33,1,334100000,0
1478,2020/4/30,7,12,15,21,40,42,32,0,0,200000000
1477,2020/4/27,4,13,14,25,27,32,1,2,177910000,0
1476,2020/4/23,6,22,38,40,41,42,35,0,0,200000000
1475,2020/4/20,6,7,9,20,21,27,2,3,55890000,0
1474,2020/4/16,4,6,8,22,27,32,26,1,182690000,0
1473,2020/4/13,1,5,6,27,33,38,11,1,181580000,0
1472,2020/4/9,1,6,7,9,23,40,43,1,197820000,0
1471,2020/4/6,1,3,8,32,37,43,24,1,495650000,0
1470,2020/4/2,4,8,14,16,39,40,23,0,0,200000000
1469,2020/3/30,4,9,10,13,24,27,22,2,102080000,0
1468,2020/3/26,4,8,15,24,25,31,26,1,200000000,0
1467,2020/3/23,3,14,16,25,26,38,7,2,240980000,0
1466,2020/3/19,6,10,15,18,32,40,35,0,0,200000000
1465,2020/3/16,11,15,16,24,28,38,3,3,72460000,0
1464,2020/3/12,8,13,14,18,29,31,23,1,504640000,0
1463,2020/3/9,18,29,32,34,35,39,36,0,0,200000000
1462,2020/3/5,4,18,19,28,33,36,9,1,453590000,0
1461,2020/3/2,5,7,8,18,22,26,24,0,0,200000000
1460,2020/2/27,3,6,10,15,29,30,4,3,67940000,0
1459,2020/2/24,2,17,19,24,28,29,7,3,152340000,0
1458,2020/2/20,4,16,19,22,26,29,6,0,0,200000000
1457,2020/2/17,1,3,11,17,20,37,29,2,230610000,0
1456,2020/2/13,2,18,19,24,29,31,33,0,0,200000000
1455,2020/2/10,1,10,12,22,34,43,23,2,139610000,0
1454,2020/2/6,3,15,19,34,37,40,41,1,200000000,40000000
1453,2020/2/3,10,22,26,27,28,41,39,2,148240000,0
1452,2020/1/30,17,19,29,31,37,39,34,1,200000000,40000000
1451,2020/1/27,2,6,10,20,24,43,34,10,21230000,0
1450,2020/1/23,24,25,26,27,34,36,4,2,121330000,0
1449,2020/1/20,6,19,20,26,34,38,4,3,78640000,0
1448,2020/1/16,10,12,25,29,32,41,40,4,57690000,0
1447,2020/1/13,2,9,12,13,14,22,10,3,70390000,0
1446,2020/1/9,2,5,11,20,21,32,13,3,95830000,0
1445,2019/12/30,3,14,24,29,30,42,21,1,507730000,0
1444,2019/12/26,11,20,24,25,30,37,14,0,0,200000000
1443,2019/12/23,2,4,8,10,22,33,28,2,106580000,0
1442,2019/12/19,12,21,35,36,40,43,39,2,122980000,0
1441,2019/12/16,12,22,24,33,35,42,36,1,515890000,0
1440,2019/12/12,1,7,20,31,41,42,28,0,0,200000000
1439,2019/12/9,11,17,23,28,34,41,4,3,77370000,0
1438,2019/12/5,2,5,6,20,33,38,22,2,458650000,0
1437,2019/12/2,3,11,24,25,37,40,14,0,0,600000000
1436,2019/11/28,3,7,17,18,30,36,33,0,0,400000000
1435,2019/11/25,2,4,16,21,22,40,9,1,600000000,200000000
1434,2019/11/21,2,20,30,38,39,40,4,0,0,500000000
1433,2019/11/18,3,5,12,16,38,42,6,0,0,200000000
1432,2019/11/14,4,5,15,32,33,43,13,1,274600000,0
1431,2019/11/11,2,27,28,33,38,40,30,1,200000000,40000000
1430,2019/11/7,4,7,9,12,20,28,3,4,48500000,0
1429,2019/11/4,4,8,13,18,21,23,22,2,260710000,0
1428,2019/10/31,16,18,19,34,35,36,6,0,0,300000000
1427,2019/10/28,1,7,25,26,38,41,31,1,200000000,30000000
1426,2019/10/24,4,13,17,19,30,43,24,2,243870000,0
1425,2019/10/21,1,24,28,33,35,42,27,0,0,200000000
1424,2019/10/17,6,7,25,26,33,36,19,1,224540000,0
1423,2019/10/14,11,24,29,36,37,42,13,1,200000000,0
1422,2019/10/10,12,14,17,20,24,30,39,3,73240000,0
1421,2019/10/7,2,14,20,23,37,43,30,2,237820000,0
1420,2019/10/3,1,2,14,16,22,28,4,0,0,200000000
1419,2019/9/30,5,10,11,12,21,37,41,1,475190000,0
1418,2019/9/26,4,21,32,35,42,43,15,0,0,200000000
1417,2019/9/23,3,10,25,26,27,31,5,3,67390000,0
1416,2019/9/19,2,9,10,15,24,36,13,4,114220000,0
1415,2019/9/16,1,3,7,34,39,40,33,0,0,200000000
1414,2019/9/12,12,19,21,26,40,41,20,1,497550000,0
1413,2019/9/9,7,13,17,21,24,26,12,0,0,200000000
1412,2019/9/5,2,19,24,25,32,42,8,2,111720000,0
1411,2019/9/2,2,5,7,20,25,28,3,3,73920000,0
1410,2019/8/29,8,14,17,25,36,41,23,2,116190000,0
1409,2019/8/26,5,6,8,20,22,25,13,3,378410000,0
1408,2019/8/22,2,17,24,26,34,43,32,0,0,800000000
1407,2019/8/19,10,13,19,28,33,39,15,0,0,500000000
1406,2019/8/15,20,24,27,29,34,35,43,0,0,200000000
1405,2019/8/12,3,4,6,19,23,24,42,2,198310000,0
1404,2019/8/8,2,17,29,37,38,39,5,1,600000000,200000000
1403,2019/8/5,1,3,10,27,34,41,22,0,0,500000000
1402,2019/8/1,10,24,26,33,36,42,28,0,0,200000000
1401,2019/7/29,2,13,23,24,25,33,36,2,392580000,0
1400,2019/7/25,8,10,26,31,34,39,36,0,0,500000000
1399,2019/7/22,7,20,21,33,41,43,8,0,0,200000000
1398,2019/7/18,23,29,34,35,40,43,42,1,270590000,0
1397,2019/7/15,9,18,19,21,25,26,7,1,200000000,20000000
1396,2019/7/11,3,7,11,15,23,41,21,2,128240000,0
1395,2019/7/8,5,16,18,27,30,43,25,1,200000000,50000000
1394,2019/7/4,8,9,35,36,42,43,22,2,421480000,0
1393,2019/7/1,7,11,26,32,42,43,24,0,0,500000000
1392,2019/6/27,6,9,12,19,40,42,7,0,0,200000000
1391,2019/6/24,3,12,23,31,36,42,43,2,403380000,0
1390,2019/6/20,10,11,13,28,34,39,35,0,0,500000000
1389,2019/6/17,6,16,21,23,26,42,43,0,0,200000000
1388,2019/6/13,9,10,12,15,29,37,11,4,52670000,0
1387,2019/6/10,11,27,29,30,37,38,33,1,490840000,0
1386,2019/6/6,4,11,14,15,20,38,35,0,0,200000000
1385,2019/6/3,9,20,28,35,41,43,23,2,128090000,0
1384,2019/5/30,3,6,13,32,38,43,40,1,251410000,0
1383,2019/5/27,2,4,9,15,18,39,24,1,200000000,10000000
1382,2019/5/23,8,9,12,25,26,28,32,4,52120000,0
1381,2019/5/20,2,4,5,16,19,38,25,1,200000000,0
1380,2019/5/16,1,3,24,26,29,33,42,3,90920000,0
1379,2019/5/13,1,2,19,21,24,37,32,1,200000000,30000000
1378,2019/5/9,1,10,15,24,35,43,9,2,117940000,0
1377,2019/5/6,1,7,13,24,40,43,20,2,401810000,0
1376,2019/5/2,2,5,22,31,32,43,27,0,0,500000000
1375,2019/4/29,2,5,21,22,31,38,28,0,0,200000000
1374,2019/4/25,1,4,5,19,23,35,36,1,200000000,20000000
1373,2019/4/22,1,10,13,18,20,41,11,2,256090000,0
1372,2019/4/18,3,5,10,21,33,39,8,0,0,200000000
1371,2019/4/15,4,5,6,7,24,28,30,2,452220000,0
1370,2019/4/11,8,22,24,30,40,41,2,0,0,600000000
1369,2019/4/8,12,15,25,32,41,43,7,0,0,300000000
1368,2019/4/4,6,11,17,20,34,35,10,1,416290000,100000000
1367,2019/4/1,3,8,11,14,22,41,34,1,600000000,100000000
1366,2019/3/28,14,15,17,29,31,39,10,1,600000000,500000000
1365,2019/3/25,4,7,14,20,31,41,32,0,0,800000000
1364,2019/3/21,5,13,14,16,25,27,3,0,0,500000000
1363,2019/3/18,2,5,23,36,37,41,43,0,0,200000000
1362,2019/3/14,8,16,19,28,36,39,1,3,152310000,0
1361,2019/3/11,3,4,12,18,28,38,32,0,0,200000000
1360,2019/3/7,4,9,10,16,17,42,23,2,227320000,0
1359,2019/3/4,6,8,14,18,25,41,9,0,0,200000000
1358,2019/2/28,9,15,23,27,29,40,28,2,107320000,0
1357,2019/2/25,2,3,8,15,19,28,21,5,37310000,0
1356,2019/2/21,4,6,10,16,24,43,12,2,104130000,0
1355,2019/2/18,5,15,27,29,34,37,12,1,270450000,0
1354,2019/2/14,4,25,27,28,32,41,26,1,200000000,30000000
1353,2019/2/11,2,11,12,19,21,24,36,3,151270000,0
1352,2019/2/7,5,6,9,15,19,36,5,0,0,200000000
1351,2019/2/4,8,14,18,22,28,29,5,1,200000000,20000000
1350,2019/1/31,7,8,9,10,20,38,33,1,490950000,0
1349,2019/1/28,2,16,19,32,34,42,33,0,0,200000000
1348,2019/1/24,1,2,14,19,21,33,43,2,113130000,0
1347,2019/1/21,8,10,11,18,36,43,7,2,116190000,0
1346,2019/1/17,5,10,22,27,38,42,36,3,184110000,0
1345,2019/1/14,1,15,26,27,29,33,18,0,0,300000000
1344,2019/1/10,8,16,20,28,37,43,29,1,200000000,40000000
1343,2019/1/7,2,8,10,12,19,23,16,2,149830000,0
1342,2018/12/27,1,4,9,16,23,31,42,1,200000000,30000000
1341,2018/12/24,9,12,15,16,26,39,34,2,243660000,0
1340,2018/12/20,6,15,18,20,26,29,9,0,0,200000000
1339,2018/12/17,1,10,15,33,34,42,39,1,265960000,0
1338,2018/12/13,2,6,23,25,30,31,35,1,200000000,10000000
1337,2018/12/10,3,6,21,28,29,34,15,4,55160000,0
1336,2018/12/6,4,5,11,19,31,34,43,2,108010000,0
1335,2018/12/3,10,16,19,34,35,39,4,4,62230000,0
1334,2018/11/29,1,2,7,14,29,43,40,1,259570000,0
1333,2018/11/26,2,9,15,22,26,35,5,1,200000000,20000000
1332,2018/11/22,5,15,18,22,33,40,6,2,249250000,0
1331,2018/11/19,2,14,30,31,38,39,26,0,0,200000000
1330,2018/11/15,2,19,24,32,36,43,30,1,276650000,0
1329,2018/11/12,11,15,18,22,37,42,31,1,200000000,30000000
1328,2018/11/8,7,9,23,32,37,40,41,2,115970000,0
1327,2018/11/5,2,3,13,22,23,30,27,2,115030000,0
1326,2018/11/1,2,3,9,12,30,41,21,2,238580000,0
1325,2018/10/29,8,18,23,26,33,38,34,0,0,200000000
1324,2018/10/25,1,7,8,17,25,42,11,3,168280000,0
1323,2018/10/22,5,6,10,24,29,40,26,0,0,300000000
1322,2018/10/18,2,3,13,28,32,37,7,1,200000000,30000000
1321,2018/10/15,10,24,31,40,41,43,33,2,127190000,0
1320,2018/10/11,4,6,12,16,17,34,28,2,227400000,0
1319,2018/10/8,9,10,19,21,28,30,43,0,0,200000000
1318,2018/10/4,2,3,7,14,19,41,34,2,242180000,0
1317,2018/10/1,6,10,13,19,32,43,22,0,0,200000000
1316,2018/9/27,6,16,26,35,36,39,14,3,92140000,0
1315,2018/9/24,3,8,23,30,32,40,31,1,200000000,30000000
1314,2018/9/20,3,10,20,21,27,33,39,3,91650000,0
1313,2018/9/17,5,12,21,31,36,43,27,1,200000000,40000000
1312,2018/9/13,13,24,25,26,32,39,6,2,120470000,0
1311,2018/9/10,12,23,26,29,36,37,15,3,335970000,0
1310,2018/9/6,9,24,25,27,34,36,14,0,0,700000000
1309,2018/9/3,24,32,34,36,41,43,23,1,600000000,400000000
1308,2018/8/30,6,9,10,15,34,39,3,0,0,700000000
1307,2018/8/27,6,25,27,28,30,43,14,1,600000000,400000000
1306,2018/8/23,7,11,23,36,38,41,37,1,600000000,600000000
1305,2018/8/20,4,6,19,36,38,40,28,0,0,900000000
1304,2018/8/16,6,25,30,38,40,42,17,1,600000000,600000000
1303,2018/8/13,7,10,24,33,35,42,43,0,0,800000000
1302,2018/8/9,4,7,25,30,34,43,38,0,0,500000000
1301,2018/8/6,6,7,9,16,30,41,22,0,0,300000000
1300,2018/8/2,3,18,25,26,32,33,27,1,200000000,20000000
1299,2018/7/30,3,12,24,28,38,39,10,2,259380000,0
1298,2018/7/26,4,6,15,22,30,42,7,0,0,300000000
1297,2018/7/23,1,2,7,29,34,42,41,1,200000000,30000000
1296,2018/7/19,5,11,15,16,23,32,4,3,84250000,0
1295,2018/7/16,14,23,31,37,39,43,32,1,200000000,30000000
1294,2018/7/12,7,14,18,26,28,39,2,1,258110000,0
1293,2018/7/9,2,5,15,27,30,35,11,1,200000000,30000000
1292,2018/7/5,1,18,29,30,31,37,35,3,78780000,0
1291,2018/7/2,2,6,8,12,13,17,1,1,506880000,0
1290,2018/6/28,18,24,27,32,35,41,10,0,0,200000000
1289,2018/6/25,6,9,16,24,29,37,3,1,522360000,0
1288,2018/6/21,8,9,19,24,35,43,11,0,0,200000000
1287,2018/6/18,9,21,23,34,37,38,40,2,161400000,0
1286,2018/6/14,11,32,37,39,41,42,43,1,200000000,50000000
1285,2018/6/11,7,8,13,36,38,42,6,3,280260000,0
1284,2018/6/7,4,14,17,21,24,39,7,0,0,500000000
1283,2018/6/4,1,26,27,30,37,38,4,0,0,300000000
1282,2018/5/31,1,4,10,11,24,28,29,4,51360000,0
1281,2018/5/28,3,7,9,15,29,40,17,1,571520000,0
1280,2018/5/24,1,9,11,21,29,36,7,1,600000000,300000000
1279,2018/5/21,4,10,16,17,20,24,31,0,0,600000000
1278,2018/5/17,3,4,18,28,34,36,6,0,0,300000000
1277,2018/5/14,12,16,20,22,31,43,33,1,200000000,50000000
1276,2018/5/10,5,6,9,11,16,35,22,1,276630000,0
1275,2018/5/7,7,19,21,28,40,41,3,1,200000000,50000000
1274,2018/5/3,3,15,18,23,31,37,34,9,206740000,0
1273,2018/4/30,18,20,22,26,34,37,4,0,0,1500000000
1272,2018/4/26,4,9,13,32,37,38,42,0,0,1100000000
1271,2018/4/23,1,11,14,27,39,42,32,1,600000000,700000000
1270,2018/4/19,9,10,24,30,35,40,38,0,0,900000000
1269,2018/4/16,9,10,11,33,39,42,25,0,0,600000000
1268,2018/4/12,8,11,15,22,35,36,30,0,0,300000000
1267,2018/4/9,4,18,31,33,34,41,9,1,200000000,70000000
1266,2018/4/5,3,12,16,23,25,28,17,3,168670000,0
1265,2018/4/2,5,20,26,27,28,33,12,1,600000000,300000000
1264,2018/3/29,1,6,27,33,35,43,15,0,0,500000000
1263,2018/3/26,3,8,13,14,31,37,6,1,600000000,200000000
1262,2018/3/22,4,11,15,20,24,43,10,0,0,500000000
1261,2018/3/19,9,20,26,29,30,34,42,0,0,200000000
1260,2018/3/15,3,8,16,19,25,26,32,2,281940000,0
1259,2018/3/12,10,16,20,26,33,36,41,0,0,300000000
1258,2018/3/8,8,14,20,25,31,41,35,1,200000000,30000000
1257,2018/3/5,1,11,19,23,32,37,14,2,303280000,0
1256,2018/3/1,2,5,16,32,35,41,25,0,0,300000000
1255,2018/2/26,2,14,15,27,40,43,41,1,200000000,50000000
1254,2018/2/22,7,8,11,15,36,39,37,2,266500000,0
1253,2018/2/19,1,12,14,24,33,37,15,1,600000000,300000000
1252,2018/2/15,4,15,18,19,22,29,37,0,0,500000000
1251,2018/2/12,21,28,31,33,34,40,23,0,0,300000000
1250,2018/2/8,3,10,18,22,23,40,27,1,200000000,20000000
1249,2018/2/5,5,8,15,20,25,27,6,3,82410000,0
1248,2018/2/1,2,6,14,28,34,37,3,1,200000000,20000000
1247,2018/1/29,4,7,17,18,26,36,35,3,78480000,0
1246,2018/1/25,4,10,11,23,36,37,34,4,208130000,0
1245,2018/1/22,13,15,27,30,31,39,8,0,0,500000000
1244,2018/1/18,10,15,17,18,20,41,35,0,0,200000000
1243,2018/1/15,23,24,32,37,41,42,29,1,322890000,0
1242,2018/1/11,12,22,28,34,37,42,33,1,200000000,50000000
1241,2018/1/8,4,7,15,17,23,25,8,1,573170000,0
1240,2018/1/4,15,18,22,36,37,39,26,0,0,300000000
1239,2017/12/28,2,19,27,28,30,38,22,1,200000000,50000000
1238,2017/12/25,8,14,28,29,33,40,32,2,277200000,0
1237,2017/12/21,1,4,6,35,38,40,27,0,0,200000000
1236,2017/12/18,1,3,11,26,38,39,34,2,403850000,0
1235,2017/12/14,8,17,24,34,36,42,33,0,0,500000000
1234,2017/12/11,7,11,16,20,30,40,28,0,0,200000000
1233,2017/12/7,2,7,12,21,29,33,16,1,269540000,0
1232,2017/12/4,5,10,14,31,35,38,16,1,200000000,40000000
1231,2017/11/30,1,14,16,24,32,36,2,1,494240000,0
1230,2017/11/27,1,2,6,9,17,38,34,1,600000000,200000000
1229,2017/11/23,10,28,35,37,39,43,16,0,0,500000000
1228,2017/11/20,6,18,19,25,28,40,3,0,0,200000000
1227,2017/11/16,1,8,14,28,40,43,6,3,198250000,0
1226,2017/11/13,7,8,28,34,37,41,13,1,600000000,300000000
1225,2017/11/9,19,22,25,30,33,34,36,0,0,600000000
1224,2017/11/6,5,18,33,38,41,43,6,0,0,300000000
1223,2017/11/2,12,22,28,30,36,43,34,1,200000000,30000000
1222,2017/10/30,1,5,7,11,29,39,40,2,102040000,0
1221,2017/10/26,3,10,11,31,33,36,21,2,108910000,0
1220,2017/10/23,9,15,21,23,32,42,14,2,127210000,0
1219,2017/10/19,14,22,24,36,39,42,32,1,200000000,20000000
1218,2017/10/16,5,8,13,20,28,42,35,2,108140000,0
1217,2017/10/12,14,16,17,34,36,41,25,2,137420000,0
1216,2017/10/9,8,14,25,39,42,43,37,1,200000000,0
1215,2017/10/5,3,6,9,15,21,42,7,2,106360000,0
1214,2017/10/2,2,19,23,30,33,36,40,4,60790000,0
1213,2017/9/28,3,13,22,26,30,39,1,1,287590000,0
1212,2017/9/25,2,16,27,35,40,42,25,1,200000000,50000000
1211,2017/9/21,3,8,24,25,26,28,43,4,51870000,0
1210,2017/9/18,5,6,12,16,23,36,9,1,474680000,0
1209,2017/9/14,11,12,24,32,38,40,7,0,0,200000000
1208,2017/9/11,5,14,20,30,38,41,8,2,278690000,0
1207,2017/9/7,6,16,17,20,22,43,34,0,0,200000000
1206,2017/9/4,11,19,20,26,32,33,22,3,298060000,0
1205,2017/8/31,12,25,26,32,35,42,2,0,0,500000000
1204,2017/8/28,10,20,21,24,39,43,17,1,600000000,200000000
1203,2017/8/24,2,4,6,37,39,42,41,0,0,500000000
1202,2017/8/21,9,12,15,19,26,39,28,0,0,200000000
1201,2017/8/17,1,15,19,22,26,28,33,1,200000000,20000000
1200,2017/8/14,2,8,10,12,31,42,21,1,186940000,0
1199,2017/8/10,9,10,11,20,28,40,17,2,124150000,0
1198,2017/8/7,1,14,20,26,27,34,33,2,200000000,20000000
1197,2017/8/3,3,24,28,36,37,39,27,2,133470000,0
1196,2017/7/31,6,7,19,31,39,41,14,1,200000000,30000000
1195,2017/7/27,1,4,17,22,35,42,7,5,46950000,0
1194,2017/7/24,12,18,20,23,33,40,1,2,394320000,0
1193,2017/7/20,1,2,7,8,10,42,28,0,0,500000000
1192,2017/7/17,15,17,18,22,30,39,28,0,0,200000000
1191,2017/7/13,3,5,11,20,25,32,30,2,291800000,0
1190,2017/7/10,1,3,13,29,38,39,8,0,0,300000000
1189,2017/7/6,8,24,28,30,38,41,32,1,200000000,50000000
1188,2017/7/3,3,9,19,20,23,30,14,4,123970000,0
1187,2017/6/29,3,13,18,20,24,31,37,1,600000000,200000000
1186,2017/6/26,8,10,20,25,38,43,39,0,0,500000000
1185,2017/6/22,6,15,18,26,27,31,38,1,600000000,200000000
1184,2017/6/19,2,6,21,30,31,36,41,0,0,500000000
1183,2017/6/15,2,19,22,25,32,36,39,0,0,200000000
1182,2017/6/12,5,6,10,13,24,33,40,4,52790000,0
1181,2017/6/8,15,16,17,29,31,32,12,2,589180000,0
1180,2017/6/5,2,4,5,13,18,21,40,0,0,800000000
1179,2017/6/1,5,12,27,36,39,40,37,0,0,500000000
1178,2017/5/29,16,17,20,22,29,40,31,0,0,300000000
1177,2017/5/25,2,5,21,22,23,38,36,1,200000000,10000000
1176,2017/5/22,2,9,18,23,29,32,34,2,113680000,0
1175,2017/5/18,2,4,6,21,27,37,28,1,469000000,0
1174,2017/5/15,7,8,9,25,29,31,28,0,0,200000000
1173,2017/5/11,5,7,11,16,33,38,25,2,245500000,0
1172,2017/5/8,3,10,31,32,38,39,15,0,0,200000000
1171,2017/5/4,9,10,13,21,34,36,40,3,75590000,0
1170,2017/5/1,1,8,13,19,23,28,39,2,112790000,0
1169,2017/4/27,19,24,25,36,37,43,10,1,525590000,0
1168,2017/4/24,1,3,8,14,35,39,18,0,0,200000000
1167,2017/4/20,6,13,20,25,36,42,28,3,97670000,0
1166,2017/4/17,4,8,17,20,29,41,3,1,200000000,40000000
1165,2017/4/13,18,20,21,24,40,42,25,1,285640000,0
1164,2017/4/10,4,7,11,33,34,37,24,1,200000000,30000000
1163,2017/4/6,11,17,19,24,33,41,9,1,522070000,0
1162,2017/4/3,3,4,8,12,24,37,10,0,0,200000000
1161,2017/3/30,1,2,12,16,19,40,18,1,200000000,40000000
1160,2017/3/27,9,22,31,32,34,43,24,1,281850000,0
1159,2017/3/23,1,4,15,16,23,30,17,1,200000000,20000000
1158,2017/3/20,22,24,27,30,32,40,23,1,273100000,0
1157,2017/3/16,5,17,20,28,39,42,1,1,600000000,200000000
1156,2017/3/13,3,6,19,31,35,40,12,0,0,500000000
1155,2017/3/9,14,19,22,23,28,43,25,0,0,200000000
1154,2017/3/6,8,12,30,36,41,42,4,2,472130000,0
1153,2017/3/2,4,15,20,24,26,30,29,0,0,600000000
1152,2017/2/27,6,8,10,33,35,43,22,0,0,300000000
1151,2017/2/23,5,23,25,26,29,31,19,1,200000000,30000000
1150,2017/2/20,7,11,17,27,32,40,18,4,210760000,0
1149,2017/2/16,2,14,22,23,35,43,31,0,0,500000000
1148,2017/2/13,3,5,16,23,31,43,39,0,0,200000000
1147,2017/2/9,2,3,10,16,26,27,23,2,102760000,0
1146,2017/2/6,1,10,19,23,26,34,27,2,124690000,0
1145,2017/2/2,1,4,15,18,25,28,36,0,0,100000000
1144,2017/1/30,7,13,14,33,39,43,29,1,124530000,0
1143,2017/1/26,19,21,31,39,42,43,29,1,126350000,0
1142,2017/1/23,12,13,19,23,28,35,31,1,112870000,0
1141,2017/1/19,1,4,10,14,24,26,29,3,37790000,0
1140,2017/1/16,11,21,30,31,36,37,23,1,331660000,0
1139,2017/1/12,4,6,14,17,23,33,26,1,400000000,200000000
1138,2017/1/9,8,15,21,24,35,38,22,0,0,400000000
1137,2017/1/5,1,18,21,31,37,41,20,0,0,300000000
1136,2016/12/29,3,4,7,8,22,33,18,1,400000000,100000000
1135,2016/12/26,20,22,28,29,32,41,14,0,0,400000000
1134,2016/12/22,5,6,12,14,30,38,29,0,0,200000000
1133,2016/12/19,3,18,19,20,37,38,9,0,0,100000000
1132,2016/12/15,4,5,24,29,33,35,40,1,116000000,0
1131,2016/12/12,6,12,25,36,38,41,18,2,54300000,0
1130,2016/12/8,1,11,37,38,39,42,26,1,121250000,0
1129,2016/12/5,6,11,19,28,30,43,32,2,193230000,0
1128,2016/12/1,3,15,21,29,30,35,39,0,0,200000000
1127,2016/11/28,9,15,17,21,23,42,24,0,0,100000000
1126,2016/11/24,4,5,26,30,34,42,27,2,121770000,0
1125,2016/11/21,2,16,19,20,24,36,27,0,0,100000000
1124,2016/11/17,1,16,24,28,40,42,33,1,120120000,0
1123,2016/11/14,4,8,23,29,34,35,15,3,184680000,0
1122,2016/11/10,22,24,29,31,32,34,40,0,0,400000000
1121,2016/11/7,2,8,31,38,40,42,41,0,0,200000000
1120,2016/11/3,10,12,13,29,35,39,33,0,0,100000000
1119,2016/10/31,3,6,15,21,42,43,11,3,81460000,0
1118,2016/10/27,1,11,21,25,34,36,28,0,0,100000000
1117,2016/10/24,2,6,7,9,19,23,21,2,174610000,0
1116,2016/10/20,1,11,33,34,35,38,29,0,0,200000000
1115,2016/10/17,3,10,12,26,38,42,4,4,56680000,0
1114,2016/10/13,2,7,9,28,38,39,26,0,0,100000000
1113,2016/10/10,1,12,14,26,34,41,6,1,232610000,0
1112,2016/10/6,6,9,15,19,39,42,34,0,0,100000000
1111,2016/10/3,6,16,17,27,33,41,42,2,56060000,0
1110,2016/9/29,1,6,21,34,36,39,29,1,119660000,0
1109,2016/9/26,6,8,14,27,36,42,28,2,116340000,0
1108,2016/9/22,12,25,29,32,38,43,35,0,0,100000000
1107,2016/9/19,6,7,12,22,30,33,36,1,99930000,0
1106,2016/9/15,1,4,8,10,18,33,15,3,35490000,0
1105,2016/9/12,12,15,25,31,39,40,26,3,39240000,0
1104,2016/9/8,15,25,32,33,36,38,40,1,240480000,0
1103,2016/9/5,8,13,14,18,24,38,25,0,0,100000000
1102,2016/9/1,3,6,9,13,36,37,32,2,53340000,0
1101,2016/8/29,4,5,7,10,13,16,1,1,104500000,0
1100,2016/8/25,2,6,16,23,32,35,37,3,37950000,0
1099,2016/8/22,6,8,12,17,18,24,35,5,45970000,0
1098,2016/8/18,1,19,31,33,35,43,29,0,0,100000000
1097,2016/8/15,1,5,8,14,19,21,4,1,220810000,0
1096,2016/8/11,6,19,21,31,38,41,40,0,0,100000000
1095,2016/8/8,3,6,15,18,23,27,38,2,46370000,0
1094,2016/8/4,6,7,20,24,28,43,11,1,243900000,0
1093,2016/8/1,4,19,26,40,42,43,9,0,0,100000000
1092,2016/7/28,2,11,18,27,30,33,14,1,104830000,0
1091,2016/7/25,21,22,24,26,28,30,38,15,8040000,0
1090,2016/7/21,3,10,15,22,27,40,23,2,52370000,0
1089,2016/7/18,5,17,19,22,41,42,4,1,110840000,0
1088,2016/7/14,5,8,16,24,32,33,22,2,52480000,0
1087,2016/7/11,10,13,26,27,30,36,6,1,245450000,0
1086,2016/7/7,3,7,9,31,38,43,29,0,0,100000000
1085,2016/7/4,3,20,21,30,34,35,23,1,120330000,0
1084,2016/6/30,1,7,20,28,34,38,16,2,62270000,0
1083,2016/6/27,10,13,15,18,25,38,20,2,38340000,0
1082,2016/6/23,9,12,19,21,39,40,16,2,121700000,0
1081,2016/6/20,6,8,13,17,18,20,28,0,0,100000000
1080,2016/6/16,6,15,16,19,38,41,23,1,119880000,0
1079,2016/6/13,8,12,19,24,30,36,42,4,26760000,0
1078,2016/6/9,3,12,20,33,35,41,34,1,111580000,0
1077,2016/6/6,1,4,9,23,30,36,5,2,197900000,0
1076,2016/6/2,21,22,24,30,31,43,19,0,0,300000000
1075,2016/5/30,7,8,21,24,34,42,1,0,0,100000000
1074,2016/5/26,8,9,16,27,30,33,19,2,115600000,0
1073,2016/5/23,1,3,5,8,20,39,30,0,0,100000000
1072,2016/5/19,3,17,20,32,36,43,4,2,59090000,0
1071,2016/5/16,1,10,25,27,31,40,3,2,126630000,0
1070,2016/5/12,11,21,25,34,35,36,15,0,0,100000000
1069,2016/5/9,12,17,26,30,33,40,8,4,30230000,0
1068,2016/5/5,3,9,21,34,35,42,4,1,110870000,0
1067,2016/5/2,5,9,25,27,28,33,10,1,108250000,0
1066,2016/4/28,2,11,29,36,40,42,17,2,62520000,0
1065,2016/4/25,11,13,27,37,41,42,40,2,61590000,0
1064,2016/4/21,4,13,18,27,30,39,34,1,112750000,0
1063,2016/4/18,6,12,13,34,38,42,41,2,127440000,0
1062,2016/4/14,2,7,28,39,42,43,41,0,0,100000000
1061,2016/4/11,1,12,14,16,20,29,4,1,121140000,0
1060,2016/4/7,5,10,16,17,32,37,36,1,112700000,0
1059,2016/4/4,8,26,27,29,35,43,6,2,61710000,0
1058,2016/3/31,11,12,17,23,29,43,37,1,115480000,0
1057,2016/3/28,2,11,19,21,28,38,25,1,376790000,0
1056,2016/3/24,14,16,19,29,32,37,24,0,0,200000000
1055,2016/3/21,5,11,20,25,26,32,6,0,0,100000000
1054,2016/3/17,7,9,10,19,28,33,36,1,107800000,0
1053,2016/3/14,4,11,23,27,35,42,15,3,82240000,0
1052,2016/3/10,6,26,34,37,42,43,13,0,0,100000000
1051,2016/3/7,5,13,20,28,30,32,16,1,119160000,0
1050,2016/3/3,3,8,14,28,31,43,35,3,38670000,0
1049,2016/2/29,3,6,15,23,24,31,11,1,254000000,0
1048,2016/2/26,26,27,30,31,34,40,20,0,0,100000000
1047,2016/2/22,5,9,13,31,32,35,26,1,254360000,0
1046,2016/2/18,6,13,17,18,27,43,21,0,0,100000000
1045,2016/2/15,1,19,21,30,31,43,18,2,64730000,0
1044,2016/2/11,3,7,16,26,34,39,23,1,111440000,0
1043,2016/2/8,21,29,30,32,38,42,16,1,132230000,0
1042,2016/2/4,4,10,11,12,18,25,36,12,8290000,0
1041,2016/2/1,14,22,27,29,33,37,24,3,39360000,0
1040,2016/1/28,7,13,15,21,23,34,12,4,65170000,0
1039,2016/1/25,6,9,20,34,37,41,25,0,0,100000000
1038,2016/1/21,3,7,24,25,27,39,20,2,52510000,0
1037,2016/1/18,1,3,12,13,21,32,41,1,113810000,0
1036,2016/1/14,2,8,17,27,30,31,13,4,61720000,0
1035,2016/1/11,9,15,17,19,27,33,40,0,0,100000000
1034,2016/1/7,14,20,24,25,31,32,29,1,127300000,0
1033,2016/1/4,1,15,21,24,37,41,7,2,282750000,0
1032,2015/12/28,11,20,21,30,36,43,17,0,0,400000000
1031,2015/12/24,2,4,7,22,32,35,1,0,0,300000000
1030,2015/12/21,4,9,17,20,23,42,19,0,0,100000000
1029,2015/12/17,5,13,22,31,37,39,4,1,119020000,0
1028,2015/12/14,7,10,18,21,28,36,40,4,62660000,0
1027,2015/12/10,13,16,17,19,20,38,18,0,0,100000000
1026,2015/12/7,1,8,11,17,22,26,31,2,52910000,0
1025,2015/12/3,10,17,20,21,36,43,34,1,260940000,0
1024,2015/11/30,2,4,5,20,37,43,32,0,0,100000000
1023,2015/11/26,9,17,24,25,33,40,43,2,58340000,0
1022,2015/11/23,3,15,19,30,34,37,12,2,128120000,0
1021,2015/11/19,3,30,32,33,34,39,28,0,0,100000000
1020,2015/11/16,2,25,27,28,35,42,6,3,133480000,0
1019,2015/11/12,8,14,15,22,25,40,19,0,0,300000000
1018,2015/11/9,3,22,25,28,32,39,21,0,0,100000000
1017,2015/11/5,1,4,24,30,39,40,5,3,103750000,0
1016,2015/11/2,1,14,31,32,39,42,34,0,0,200000000
1015,2015/10/29,9,14,20,23,27,32,22,1,400000000,20000000
1014,2015/10/26,2,3,9,19,40,42,6,0,0,300000000
1013,2015/10/22,3,20,36,38,39,41,22,0,0,100000000
1012,2015/10/19,9,11,19,22,27,38,2,1,108210000,0
1011,2015/10/15,23,26,27,29,30,43,6,1,129960000,0
1010,2015/10/12,6,12,16,24,25,37,17,2,196660000,0
1009,2015/10/8,3,19,34,36,40,43,28,0,0,300000000
1008,2015/10/5,11,14,16,21,24,39,36,0,0,100000000
1007,2015/10/1,3,8,17,25,28,43,42,1,113490000,0
1006,2015/9/28,7,8,16,31,32,33,12,1,124750000,0
1005,2015/9/24,5,13,20,24,25,27,42,1,111150000,0
1004,2015/9/21,3,21,23,24,27,32,36,1,108150000,0
1003,2015/9/17,13,22,26,34,38,43,42,2,136050000,0
1002,2015/9/14,8,14,22,25,27,41,11,0,0,100000000
1001,2015/9/10,9,12,15,16,18,35,2,1,400000000,0
1000,2015/9/7,1,15,21,22,26,29,37,0,0,300000000
999,2015/9/3,8,15,17,30,32,36,43,0,0,100000000
998,2015/8/31,1,3,12,19,26,29,28,2,120240000,0
997,2015/8/27,3,5,8,11,33,43,23,1,400000000,100000000
996,2015/8/24,1,3,14,26,27,42,25,0,0,400000000
995,2015/8/20,7,11,17,21,37,39,36,1,400000000,200000000
994,2015/8/17,18,22,29,31,39,43,9,0,0,500000000
993,2015/8/13,1,5,10,32,38,40,18,0,0,300000000
992,2015/8/10,4,6,8,22,27,38,34,0,0,90000000
991,2015/8/6,3,18,21,25,29,37,35,3,35920000,0
990,2015/8/3,4,12,16,27,28,41,42,4,26700000,0
989,2015/7/30,5,7,31,33,36,39,21,1,246680000,0
988,2015/7/27,5,6,10,22,34,41,19,0,0,100000000
987,2015/7/23,3,14,15,24,25,36,33,4,27890000,0
986,2015/7/20,4,11,17,30,36,43,5,2,56730000,0
985,2015/7/16,3,11,19,26,29,38,31,4,60290000,0
984,2015/7/13,14,23,24,28,37,38,20,0,0,100000000
983,2015/7/9,15,19,32,35,36,38,31,1,271680000,0
982,2015/7/6,15,19,21,22,29,40,42,0,0,100000000
981,2015/7/2,14,19,22,23,31,37,21,1,120190000,0
980,2015/6/29,15,20,23,35,38,42,13,3,75200000,0
979,2015/6/25,9,12,16,18,27,38,10,1,400000000,80000000
978,2015/6/22,3,11,19,30,38,42,31,1,400000000,300000000
977,2015/6/18,10,15,17,27,42,43,33,0,0,500000000
976,2015/6/15,6,13,22,28,42,43,29,0,0,400000000
975,2015/6/11,3,11,13,27,29,36,15,0,0,200000000
974,2015/6/8,2,3,29,30,32,43,26,0,0,100000000
973,2015/6/4,1,5,6,12,30,31,24,2,49730000,0
972,2015/6/1,2,7,17,18,21,40,29,1,117790000,0
971,2015/5/28,2,3,4,12,22,29,11,4,25710000,0
970,2015/5/25,2,4,18,23,31,38,1,2,55920000,0
969,2015/5/21,3,9,19,22,23,40,10,1,113130000,0
968,2015/5/18,6,10,15,20,23,26,17,1,110910000,0
967,2015/5/14,1,11,26,30,32,40,8,1,123100000,0
966,2015/5/11,10,22,31,34,36,43,30,1,133070000,0
965,2015/5/7,10,12,19,20,21,22,13,2,126650000,0
964,2015/5/4,2,21,23,29,30,43,26,0,0,100000000
963,2015/4/30,4,23,29,31,32,35,17,2,64350000,0
962,2015/4/27,4,6,10,24,32,37,35,4,29600000,0
961,2015/4/23,5,11,17,18,19,25,34,1,115010000,0
960,2015/4/20,5,18,23,32,35,39,10,2,61430000,0
959,2015/4/16,1,16,18,28,36,38,42,1,135030000,0
958,2015/4/13,9,18,23,24,26,30,21,2,59350000,0
957,2015/4/9,2,11,22,32,36,42,20,3,86590000,0
956,2015/4/6,1,4,6,22,24,38,34,0,0,100000000
955,2015/4/2,14,19,27,28,37,42,24,1,267080000,0
954,2015/3/30,3,23,24,28,29,42,41,0,0,100000000
953,2015/3/26,2,9,17,38,39,42,20,4,30370000,0
952,2015/3/23,10,16,22,25,31,39,27,2,143120000,0
951,2015/3/19,11,15,22,23,26,30,37,0,0,100000000
950,2015/3/16,2,6,16,24,30,41,18,1,400000000,20000000
949,2015/3/12,5,19,26,36,39,43,9,0,0,200000000
948,2015/3/9,7,16,17,28,39,43,24,0,0,100000000
947,2015/3/5,1,6,21,23,27,40,9,2,61390000,0
946,2015/3/2,2,9,12,16,31,36,41,4,29990000,0
945,2015/2/26,3,10,15,23,36,37,31,2,59480000,0
944,2015/2/23,7,20,25,29,33,37,27,1,129550000,0
943,2015/2/19,9,10,14,15,39,43,25,3,87910000,0
942,2015/2/16,2,3,14,27,28,38,8,0,0,100000000
941,2015/2/12,5,12,22,29,38,39,19,1,121390000,0
940,2015/2/9,1,18,28,31,35,37,39,1,272040000,0
939,2015/2/5,8,11,15,17,26,43,32,0,0,100000000
938,2015/2/2,5,9,12,19,30,35,29,3,40460000,0
937,2015/1/29,13,15,21,25,36,41,8,3,89470000,0
936,2015/1/26,1,3,12,16,20,35,5,0,0,100000000
935,2015/1/22,2,12,14,26,38,43,8,2,58010000,0
934,2015/1/19,3,7,16,17,20,32,12,1,125970000,0
933,2015/1/15,5,9,20,21,31,41,26,2,62690000,0
932,2015/1/12,4,15,30,37,42,43,32,1,276720000,0
931,2015/1/8,14,18,19,24,25,33,21,0,0,100000000
930,2015/1/5,10,12,37,39,40,43,11,1,137750000,0
929,2014/12/29,10,12,15,25,31,34,26,5,43470000,0
928,2014/12/25,1,21,23,26,31,33,14,1,400000000,100000000
927,2014/12/22,2,29,30,31,33,34,37,0,0,300000000
926,2014/12/18,16,26,32,35,37,39,25,0,0,100000000
925,2014/12/15,25,26,27,28,32,37,40,3,97250000,0
924,2014/12/11,13,20,24,32,35,42,43,0,0,100000000
923,2014/12/8,5,13,30,31,32,35,29,2,68160000,0
922,2014/12/4,4,6,19,32,33,38,1,2,342420000,0
921,2014/12/1,5,7,26,36,38,39,32,1,400000000,500000000
920,2014/11/27,9,17,27,30,35,38,6,0,0,700000000
919,2014/11/24,2,9,12,17,33,42,26,0,0,500000000
918,2014/11/20,10,15,25,29,34,36,39,0,0,400000000
917,2014/11/17,2,6,25,26,41,42,18,0,0,100000000
916,2014/11/13,6,14,25,27,38,43,21,1,115930000,0
915,2014/11/10,7,12,21,33,38,40,42,4,100780000,0
914,2014/11/6,2,3,26,33,36,40,19,0,0,200000000
913,2014/11/3,5,8,20,31,36,41,16,2,60950000,0
912,2014/10/30,5,14,19,20,32,42,11,2,64620000,0
911,2014/10/27,8,16,18,22,27,35,3,1,118690000,0
910,2014/10/23,11,12,13,17,25,33,14,1,109770000,0
909,2014/10/20,12,15,21,27,30,35,28,1,121770000,0
908,2014/10/16,6,14,21,22,23,30,32,1,119930000,0
907,2014/10/13,5,13,18,22,27,41,19,5,49350000,0
906,2014/10/9,6,9,12,13,30,40,31,0,0,100000000
905,2014/10/6,4,15,24,40,41,42,31,2,131280000,0
904,2014/10/2,2,4,6,15,21,41,29,0,0,100000000
903,2014/9/29,1,3,6,7,16,19,12,1,113300000,0
902,2014/9/25,11,21,26,31,32,33,22,1,269160000,0
901,2014/9/22,6,13,22,28,29,37,14,0,0,100000000
900,2014/9/18,8,12,21,22,31,35,2,2,63210000,0
899,2014/9/15,3,10,15,18,27,40,38,1,115360000,0
898,2014/9/11,13,17,21,25,29,37,23,4,31560000,0
897,2014/9/8,8,10,14,15,27,30,12,3,89070000,0
896,2014/9/4,5,6,21,27,32,38,34,0,0,100000000
895,2014/9/1,5,12,24,25,37,38,39,6,19450000,0
894,2014/8/28,4,5,9,20,21,32,40,2,229890000,0
893,2014/8/25,10,12,26,28,29,37,34,0,0,200000000
892,2014/8/21,14,19,31,35,40,43,38,0,0,100000000
891,2014/8/18,7,9,14,30,42,43,24,2,213050000,0
890,2014/8/14,1,4,6,14,28,31,21,0,0,200000000
889,2014/8/11,2,10,21,28,41,43,12,0,0,100000000
888,2014/8/7,2,4,9,36,37,39,43,1,122980000,0
887,2014/8/4,3,4,6,18,32,37,7,1,114990000,0
886,2014/7/31,7,10,13,23,34,39,11,1,120130000,0
885,2014/7/28,22,28,33,36,37,41,14,1,269040000,0
884,2014/7/24,2,7,25,26,38,42,19,0,0,100000000
883,2014/7/21,10,16,25,29,38,42,23,1,118290000,0
882,2014/7/17,5,15,23,26,30,36,6,1,262260000,0
881,2014/7/14,4,6,12,18,28,41,35,0,0,100000000
880,2014/7/10,1,8,11,16,25,32,19,2,140520000,0
879,2014/7/7,24,27,34,35,36,43,25,0,0,100000000
878,2014/7/3,5,14,16,22,25,40,43,1,290600000,0
877,2014/6/30,3,14,17,32,35,43,10,0,0,100000000
876,2014/6/26,11,12,18,25,35,39,9,1,128620000,0
875,2014/6/23,4,5,11,13,22,25,43,2,129780000,0
874,2014/6/19,2,8,21,27,33,37,42,0,0,100000000
873,2014/6/16,4,22,26,27,32,43,20,1,136310000,0
872,2014/6/12,6,10,17,18,19,24,7,1,117970000,0
871,2014/6/9,3,10,11,13,20,27,25,3,38170000,0
870,2014/6/5,1,11,14,21,23,39,26,1,129030000,0
869,2014/6/2,5,7,23,24,37,38,40,7,89020000,0
868,2014/5/29,5,18,19,26,31,43,10,0,0,400000000
867,2014/5/26,2,14,21,26,37,38,18,0,0,200000000
866,2014/5/22,1,3,10,21,29,43,39,0,0,100000000
865,2014/5/19,5,7,8,12,23,25,26,6,16720000,0
864,2014/5/15,19,21,24,28,32,40,12,2,68690000,0
863,2014/5/12,4,14,18,26,35,36,2,2,145530000,0
862,2014/5/8,5,10,16,34,36,39,43,0,0,100000000
861,2014/5/5,4,17,21,28,35,42,29,3,41470000,0
860,2014/5/1,14,16,32,35,38,41,6,3,101550000,0
859,2014/4/28,1,12,15,17,21,36,24,0,0,100000000
858,2014/4/24,3,14,29,32,33,42,40,2,71350000,0
857,2014/4/21,1,3,6,17,28,42,24,1,128070000,0
856,2014/4/17,10,24,32,34,38,40,43,2,155260000,0
855,2014/4/14,10,13,15,25,37,42,30,0,0,100000000
854,2014/4/10,4,11,14,18,25,37,42,1,280740000,0
853,2014/4/7,2,9,22,26,31,35,7,0,0,100000000
852,2014/4/3,3,17,22,23,27,40,35,1,129220000,0
851,2014/3/31,5,8,14,20,26,27,7,3,96120000,0
850,2014/3/27,2,11,30,32,38,41,4,0,0,100000000
849,2014/3/24,1,3,4,10,15,40,34,2,64040000,0
848,2014/3/20,6,7,13,15,35,39,33,2,232900000,0
847,2014/3/17,9,10,23,31,35,36,38,0,0,300000000
846,2014/3/13,9,14,18,28,30,33,4,0,0,100000000
845,2014/3/10,2,12,13,22,24,34,20,1,270730000,0
844,2014/3/6,2,5,18,27,35,38,24,0,0,100000000
843,2014/3/3,3,7,8,26,42,43,11,1,132560000,0
842,2014/2/27,8,11,17,26,33,43,24,2,142960000,0
841,2014/2/24,8,22,24,28,31,36,38,0,0,100000000
840,2014/2/20,3,4,17,24,27,34,39,2,62490000,0
839,2014/2/17,1,3,5,12,13,38,37,2,58810000,0
838,2014/2/13,12,28,32,36,38,43,13,1,302480000,0
837,2014/2/10,5,17,34,37,39,42,28,0,0,100000000
836,2014/2/6,7,11,31,34,38,43,28,2,69970000,0
835,2014/2/3,5,9,10,28,39,40,24,4,76160000,0
834,2014/1/30,4,17,27,39,41,42,8,0,0,100000000
833,2014/1/27,5,6,13,20,22,28,2,1,129860000,0
832,2014/1/23,19,24,27,31,32,33,17,2,70320000,0
831,2014/1/20,3,4,7,13,22,31,19,3,42070000,0
830,2014/1/16,5,6,9,18,28,40,22,4,34140000,0
829,2014/1/13,2,3,23,32,36,39,20,1,136210000,0
828,2014/1/9,2,9,10,24,25,43,26,1,293780000,0
827,2014/1/6,2,4,23,24,33,41,5,0,0,100000000
826,2013/12/30,5,15,22,24,29,36,2,3,45120000,0
825,2013/12/26,6,10,12,16,39,40,20,4,73800000,0
824,2013/12/23,16,19,26,27,29,32,4,0,0,100000000
823,2013/12/19,5,6,23,30,37,38,28,2,66920000,0
822,2013/12/16,6,11,15,24,27,33,29,5,24740000,0
821,2013/12/12,7,10,12,34,40,43,16,1,141090000,0
820,2013/12/9,1,11,19,28,39,43,16,1,137490000,0
819,2013/12/5,10,19,23,25,30,40,14,2,150050000,0
818,2013/12/2,5,21,24,34,37,38,16,0,0,100000000
817,2013/11/28,16,21,27,32,34,43,42,1,145730000,0
816,2013/11/25,5,14,19,24,27,37,9,2,62450000,0
815,2013/11/21,1,2,6,24,25,41,29,1,127090000,0
814,2013/11/18,4,7,15,23,38,42,1,5,26250000,0
813,2013/11/14,9,10,12,13,28,38,39,3,98110000,0
812,2013/11/11,1,12,15,26,34,40,22,0,0,100000000
811,2013/11/7,2,6,20,24,31,40,34,1,141000000,0
810,2013/11/4,3,31,32,38,39,40,37,4,36260000,0
809,2013/10/31,2,11,20,31,32,37,17,3,107750000,0
808,2013/10/28,13,18,22,28,41,42,26,0,0,100000000
807,2013/10/24,1,6,12,20,22,23,27,1,291480000,0
806,2013/10/21,3,16,19,25,39,40,29,0,0,100000000
805,2013/10/17,2,14,19,22,24,43,6,1,140180000,0
804,2013/10/14,6,20,23,25,31,33,30,2,150890000,0
803,2013/10/10,9,29,33,34,35,41,27,0,0,100000000
802,2013/10/7,9,13,18,19,25,30,15,1,128450000,0
801,2013/10/3,2,18,19,20,25,31,32,1,145320000,0
800,2013/9/30,8,12,22,23,25,35,43,1,131170000,0
799,2013/9/26,4,6,8,10,19,28,25,7,58920000,0
798,2013/9/23,1,3,5,25,39,41,34,0,0,200000000
797,2013/9/19,1,4,13,18,23,39,35,2,68770000,0
796,2013/9/16,1,7,11,14,22,34,2,1,121870000,0
795,2013/9/12,13,19,24,28,33,38,29,7,73310000,0
794,2013/9/9,15,22,25,29,34,42,2,0,0,300000000
793,2013/9/5,10,13,14,19,26,43,12,0,0,100000000
792,2013/9/2,1,7,14,25,37,43,4,2,70620000,0
791,2013/8/29,1,10,22,24,34,37,20,1,149630000,0
790,2013/8/26,9,13,19,27,34,38,8,3,102880000,0
789,2013/8/22,12,17,29,32,38,40,28,0,0,100000000
788,2013/8/19,2,8,13,27,31,32,16,2,65270000,0
787,2013/8/15,4,5,13,21,33,34,15,1,130770000,0
786,2013/8/12,10,11,17,31,35,39,23,3,97530000,0
785,2013/8/8,1,9,18,20,24,29,15,0,0,100000000
784,2013/8/5,1,9,23,29,37,41,22,1,142820000,0
783,2013/8/1,9,14,22,24,25,32,13,1,140610000,0
782,2013/7/29,19,21,23,24,27,43,10,3,48650000,0
781,2013/7/25,5,6,15,23,40,43,39,1,147350000,0
780,2013/7/22,6,7,12,26,39,43,4,1,134330000,0
779,2013/7/18,10,13,27,34,36,39,7,2,73000000,0
778,2013/7/15,5,11,17,24,35,41,3,4,32230000,0
777,2013/7/11,15,16,23,29,37,39,42,1,146820000,0
776,2013/7/8,2,8,14,23,28,42,25,3,45780000,0
775,2013/7/4,1,2,21,22,37,38,17,6,56140000,0
774,2013/7/1,2,4,9,13,16,33,15,0,0,100000000
773,2013/6/27,4,7,10,11,12,32,9,3,168060000,0
772,2013/6/24,7,11,16,19,20,23,30,0,0,300000000
771,2013/6/20,15,21,31,32,33,34,27,0,0,200000000
770,2013/6/17,17,19,21,22,36,37,25,1,154690000,0
769,2013/6/13,1,2,4,16,17,38,8,2,71650000,0
768,2013/6/10,1,8,19,25,32,38,39,3,166630000,0
767,2013/6/6,2,6,11,27,29,37,14,0,0,300000000
766,2013/6/3,6,10,12,32,37,39,33,0,0,100000000
765,2013/5/30,4,14,17,22,26,41,6,1,143790000,0
764,2013/5/27,6,7,24,34,42,43,14,1,152480000,0
763,2013/5/23,6,8,10,21,39,42,36,4,36230000,0
762,2013/5/20,6,8,9,20,24,27,40,2,66850000,0
761,2013/5/16,8,10,11,12,20,40,42,3,45380000,0
760,2013/5/13,3,4,6,15,32,40,34,2,76070000,0
759,2013/5/9,14,22,25,28,37,41,31,1,150510000,0
758,2013/5/6,11,19,20,25,38,40,33,3,48210000,0
757,2013/5/2,4,10,14,19,35,38,17,1,158790000,0
756,2013/4/29,8,10,24,26,27,28,32,1,135300000,0
755,2013/4/25,10,16,20,25,29,39,2,1,357430000,0
754,2013/4/22,16,27,33,35,39,41,42,0,0,200000000
753,2013/4/18,2,4,11,15,20,38,18,1,153360000,0
752,2013/4/15,3,5,13,18,22,37,14,1,148260000,0
751,2013/4/11,13,16,21,25,31,38,43,2,170810000,0
750,2013/4/8,4,6,13,16,18,39,34,0,0,100000000
749,2013/4/4,7,8,11,13,23,40,25,1,147340000,0
748,2013/4/1,2,14,16,27,28,30,21,3,54560000,0
747,2013/3/28,8,19,20,23,24,35,5,5,35340000,0
746,2013/3/25,6,9,10,29,31,35,28,2,89450000,0
745,2013/3/21,8,12,16,23,33,34,6,2,81810000,0
744,2013/3/18,2,5,12,14,30,42,3,2,85020000,0
743,2013/3/14,3,4,8,10,14,37,32,1,166670000,0
742,2013/3/11,2,12,13,14,22,35,4,5,34260000,0
741,2013/3/7,8,11,15,29,36,43,18,3,62960000,0
740,2013/3/4,8,9,15,26,37,40,18,8,22910000,0
739,2013/2/28,11,13,18,20,28,38,31,1,189800000,0
738,2013/2/25,14,21,22,32,33,41,9,3,63070000,0
737,2013/2/21,6,10,21,24,27,39,11,5,35530000,0
736,2013/2/18,2,14,17,19,38,43,6,1,195250000,0
735,2013/2/14,5,12,19,22,32,39,14,1,191950000,0
734,2013/2/11,10,19,22,27,29,39,21,2,90880000,0
733,2013/2/7,5,13,14,26,37,38,28,6,31130000,0
732,2013/2/4,20,33,35,36,37,38,29,2,105130000,0
731,2013/1/31,6,7,23,25,38,42,21,2,98600000,0
730,2013/1/28,10,15,21,22,33,35,1,3,66310000,0
729,2013/1/24,2,10,16,18,27,42,22,2,98690000,0
728,2013/1/21,10,15,22,23,38,42,12,3,63530000,0
727,2013/1/17,3,24,26,27,39,41,4,3,143330000,0
726,2013/1/14,13,21,30,31,37,40,14,0,0,200000000
725,2013/1/10,5,6,7,20,31,41,22,1,380480000,0
724,2013/1/7,4,9,32,37,38,39,31,1,400000000,100000000
723,2012/12/27,16,27,28,36,39,42,2,0,0,200000000
722,2012/12/24,6,11,32,34,35,39,18,2,374400000,0
721,2012/12/20,1,14,23,24,27,40,10,0,0,400000000
720,2012/12/17,25,26,27,28,35,38,19,0,0,200000000
719,2012/12/13,11,14,27,31,34,42,13,2,84560000,0
718,2012/12/10,15,20,27,29,33,43,18,0,0,200000000
717,2012/12/6,13,14,16,21,29,42,20,3,63670000,0
716,2012/12/3,5,7,14,24,25,35,32,2,86820000,0
715,2012/11/29,5,10,12,25,28,31,36,4,43240000,0
714,2012/11/26,2,14,26,28,29,42,13,2,91020000,0
713,2012/11/22,19,20,21,24,25,26,35,8,25400000,0
712,2012/11/19,2,5,8,9,14,25,18,4,141650000,0
711,2012/11/15,5,11,15,24,34,39,37,1,400000000,300000000
710,2012/11/12,4,5,9,20,33,37,35,0,0,400000000
709,2012/11/8,1,11,13,29,37,39,8,0,0,200000000
708,2012/11/5,2,13,20,22,25,38,35,1,184590000,0
707,2012/11/1,8,15,21,32,40,41,7,2,95340000,0
706,2012/10/29,2,8,29,31,34,37,9,4,111100000,0
705,2012/10/25,14,15,16,18,20,33,3,0,0,200000000
704,2012/10/22,7,10,16,18,19,37,20,1,177390000,0
703,2012/10/18,20,24,27,28,38,41,4,1,245030000,0
702,2012/10/15,1,20,23,37,38,40,4,1,400000000,0
701,2012/10/11,20,22,24,32,36,39,29,0,0,200000000
700,2012/10/8,1,8,17,24,33,35,11,3,54370000,0
699,2012/10/4,12,13,21,25,29,32,20,1,178160000,0
698,2012/10/1,5,20,21,26,30,33,27,2,93070000,0
697,2012/9/27,2,12,14,18,40,41,6,1,188870000,0
696,2012/9/24,2,10,14,19,36,39,9,1,182620000,0
695,2012/9/20,4,7,11,12,13,19,27,5,33040000,0
694,2012/9/17,8,23,27,31,38,40,3,2,199700000,0
693,2012/9/13,4,14,18,22,32,35,10,0,0,200000000
692,2012/9/10,9,10,12,19,21,42,15,2,90730000,0
691,2012/9/6,4,7,8,15,16,42,23,3,134130000,0
690,2012/9/3,7,8,10,21,34,38,30,0,0,200000000
689,2012/8/30,6,8,12,17,24,31,38,8,20090000,0
688,2012/8/27,9,12,16,33,34,35,1,2,92820000,0
687,2012/8/23,16,20,27,33,40,42,34,2,94840000,0
686,2012/8/20,21,24,26,35,37,38,16,2,94740000,0
685,2012/8/16,12,23,27,32,39,43,15,2,87880000,0
684,2012/8/13,6,7,13,18,27,33,16,2,74640000,0
683,2012/8/9,16,24,29,32,35,38,37,1,185850000,0
682,2012/8/6,3,5,7,18,19,41,34,1,393430000,0
681,2012/8/2,1,11,13,30,37,41,27,0,0,200000000
680,2012/7/30,8,9,23,34,38,41,6,1,212110000,0
679,2012/7/26,4,5,7,37,41,42,39,1,400000000,20000000
678,2012/7/23,8,24,25,29,32,40,28,0,0,100000000
677,2012/7/19,4,11,22,31,32,35,23,1,189220000,0
676,2012/7/16,2,8,20,33,38,42,21,3,57170000,0
675,2012/7/12,8,10,15,21,24,34,28,3,62860000,0
674,2012/7/9,8,11,15,22,40,41,39,3,61630000,0
673,2012/7/5,2,6,16,27,28,29,38,2,215520000,0
672,2012/7/2,1,5,23,24,36,43,19,0,0,200000000
671,2012/6/28,5,10,14,16,23,38,21,2,94580000,0
670,2012/6/25,1,4,7,25,32,41,18,2,215540000,0
669,2012/6/21,4,6,10,17,24,33,19,0,0,200000000
668,2012/6/18,7,13,20,27,34,35,22,5,39100000,0
667,2012/6/14,21,31,34,37,39,40,15,2,217960000,0
666,2012/6/11,2,6,28,30,31,41,7,0,0,200000000
665,2012/6/7,13,22,27,29,36,37,40,2,94050000,0
664,2012/6/4,2,8,11,12,26,29,22,3,54820000,0
663,2012/5/31,13,18,21,30,33,40,25,3,65430000,0
662,2012/5/28,12,31,32,34,36,40,6,3,67700000,0
661,2012/5/24,6,9,17,20,33,40,26,2,100070000,0
660,2012/5/21,8,20,31,36,37,38,39,3,115500000,0
659,2012/5/17,21,30,35,39,41,42,3,1,400000000,100000000
658,2012/5/14,14,24,32,40,41,42,9,0,0,200000000
657,2012/5/10,3,20,29,33,34,40,2,1,200000000,10000000
656,2012/5/7,2,8,13,17,25,37,30,6,29740000,0
655,2012/5/3,5,10,23,26,28,29,27,2,91560000,0
654,2012/4/30,12,18,21,29,32,38,2,1,220080000,0
653,2012/4/26,13,21,22,26,29,36,31,1,200000000,10000000
652,2012/4/23,1,10,16,19,20,39,29,2,105070000,0
651,2012/4/19,4,15,17,34,38,40,5,2,356840000,0
650,2012/4/16,12,31,34,40,41,43,6,1,400000000,400000000
649,2012/4/12,14,22,29,33,36,40,38,0,0,500000000
648,2012/4/9,22,26,27,28,36,43,1,0,0,200000000
647,2012/4/5,2,7,15,22,36,43,27,1,193180000,0
646,2012/4/2,9,12,14,24,28,33,37,2,91240000,0
645,2012/3/29,3,10,12,32,33,43,31,2,99340000,0
644,2012/3/26,4,14,22,23,26,42,2,3,145190000,0
643,2012/3/22,2,6,21,31,35,37,15,0,0,200000000
642,2012/3/19,8,13,14,21,33,41,18,2,217600000,0
641,2012/3/15,3,14,21,24,26,29,32,0,0,200000000
640,2012/3/12,3,11,18,20,33,39,22,4,45790000,0
639,2012/3/8,1,16,20,24,33,34,8,3,73500000,0
638,2012/3/5,6,11,19,28,35,40,14,3,64470000,0
637,2012/3/1,7,12,16,28,31,34,11,7,103120000,0
636,2012/2/27,2,12,21,23,24,26,36,0,0,400000000
635,2012/2/23,8,11,12,15,41,43,22,0,0,200000000
634,2012/2/20,8,10,13,15,20,40,23,2,100890000,0
633,2012/2/16,7,9,11,14,15,18,5,1,195270000,0
632,2012/2/13,3,4,14,21,22,25,26,3,154300000,0
631,2012/2/9,2,5,7,10,36,40,12,0,0,200000000
630,2012/2/6,3,7,13,18,19,41,38,1,223120000,0
629,2012/2/2,6,16,21,30,34,43,36,1,200000000,100000000
628,2012/1/30,7,13,15,18,29,38,30,4,56960000,0
627,2012/1/26,2,4,7,19,34,42,30,1,200000000,100000000
626,2012/1/23,6,13,14,22,26,28,10,1,190650000,0
625,2012/1/19,5,17,26,37,39,42,20,13,16100000,0
624,2012/1/16,4,8,12,22,25,30,43,3,155190000,0
623,2012/1/12,7,8,16,35,39,42,9,0,0,200000000
622,2012/1/9,7,16,18,20,27,36,41,5,38780000,0
621,2012/1/5,6,15,16,28,36,40,20,1,327550000,0
620,2011/12/29,7,10,13,19,31,38,12,1,400000000,90000000
619,2011/12/26,2,11,29,31,33,38,14,0,0,200000000
618,2011/12/22,4,15,21,31,35,42,13,2,115090000,0
617,2011/12/19,5,8,18,28,34,35,10,1,217260000,0
616,2011/12/15,4,7,18,19,24,35,17,1,200000000,0
615,2011/12/12,6,16,24,32,36,43,28,2,97870000,0
614,2011/12/8,2,6,22,25,31,42,1,2,102950000,0
613,2011/12/5,2,6,18,26,32,37,5,7,66080000,0
612,2011/12/1,7,18,31,32,39,40,35,0,0,200000000
611,2011/11/28,10,12,14,24,34,39,16,2,99850000,0
610,2011/11/24,2,5,12,23,26,41,36,7,60540000,0
609,2011/11/21,18,24,36,37,39,41,1,0,0,200000000
608,2011/11/17,4,6,16,17,18,26,40,4,49880000,0
607,2011/11/14,2,3,8,12,20,21,16,3,63060000,0
606,2011/11/10,8,15,24,26,35,42,7,3,70450000,0
605,2011/11/7,1,4,13,25,38,43,11,5,41550000,0
604,2011/11/3,9,15,20,22,28,43,37,2,107590000,0
603,2011/10/31,3,8,18,21,23,42,17,3,226380000,0
602,2011/10/27,8,13,15,18,24,41,27,1,400000000,400000000
601,2011/10/24,6,22,25,26,30,39,32,0,0,500000000
600,2011/10/20,3,20,23,24,28,35,26,0,0,200000000
599,2011/10/17,1,2,8,13,27,39,36,2,216310000,0
598,2011/10/13,6,10,15,21,36,41,40,0,0,200000000
597,2011/10/10,3,4,7,13,16,23,1,3,54330000,0
596,2011/10/6,2,13,17,24,29,34,12,2,103170000,0
595,2011/10/3,1,5,15,22,39,40,27,5,93810000,0
594,2011/9/29,4,5,15,30,34,38,2,0,0,200000000
593,2011/9/26,2,10,16,26,29,30,4,1,197260000,0
592,2011/9/22,12,14,22,23,34,41,36,1,191760000,0
591,2011/9/19,1,13,16,22,27,33,5,2,114610000,0
590,2011/9/15,20,24,25,27,32,37,2,1,200000000,200000000
589,2011/9/12,1,9,10,28,41,42,33,2,122480000,0
588,2011/9/8,8,13,18,33,34,36,23,1,200000000,200000000
587,2011/9/5,10,12,18,27,33,40,42,2,94930000,0
586,2011/9/1,6,7,10,23,36,42,11,3,160510000,0
585,2011/8/29,1,28,32,34,41,42,22,0,0,200000000
584,2011/8/25,10,11,24,26,37,38,21,6,74480000,0
583,2011/8/22,2,12,17,18,40,43,16,0,0,200000000
582,2011/8/18,7,10,14,25,32,38,13,4,50670000,0
581,2011/8/15,5,22,28,29,35,39,21,3,66880000,0
580,2011/8/11,12,15,17,25,35,43,32,1,200000000,0
579,2011/8/8,6,8,17,19,23,42,32,2,213390000,0
578,2011/8/4,16,22,23,27,33,37,36,0,0,200000000
577,2011/8/1,3,12,29,31,36,37,26,1,231170000,0
576,2011/7/28,8,9,21,24,29,37,1,1,200000000,20000000
575,2011/7/25,4,11,17,21,23,30,18,2,112040000,0
574,2011/7/21,4,11,16,20,26,43,9,1,400000000,30000000
573,2011/7/18,3,5,21,30,37,38,11,0,0,200000000
572,2011/7/14,10,12,18,38,42,43,40,3,71560000,0
571,2011/7/11,6,20,21,23,33,38,10,5,39890000,0
570,2011/7/7,2,4,10,28,38,43,25,2,239140000,0
569,2011/7/4,4,19,21,25,28,40,38,0,0,200000000
568,2011/6/30,7,10,15,31,32,42,41,2,258600000,0
567,2011/6/27,7,13,17,23,28,34,25,0,0,200000000
566,2011/6/23,10,17,18,29,30,41,7,1,200000000,10000000
565,2011/6/20,3,6,8,21,28,32,10,3,63900000,0
564,2011/6/16,3,12,18,24,34,39,16,4,52000000,0
563,2011/6/13,4,5,26,28,34,38,8,2,97740000,0
562,2011/6/9,9,10,11,25,30,37,12,3,67480000,0
561,2011/6/6,4,14,30,35,40,41,29,2,127970000,0
560,2011/6/2,4,17,19,37,39,42,16,1,200000000,200000000
559,2011/5/30,2,7,16,25,26,43,3,1,196540000,0
558,2011/5/26,4,32,33,38,41,43,2,2,120430000,0
557,2011/5/23,6,18,23,32,38,43,37,4,49390000,0
556,2011/5/19,6,9,13,17,29,30,25,3,70910000,0
555,2011/5/16,2,3,7,9,36,42,5,2,104320000,0
554,2011/5/12,16,27,34,35,36,38,37,2,228840000,0
553,2011/5/9,3,9,11,15,27,37,10,0,0,200000000
552,2011/5/5,13,22,26,30,40,41,8,3,71650000,0
551,2011/5/2,15,16,19,21,26,42,10,2,111730000,0
550,2011/4/28,12,15,19,32,36,42,37,2,123180000,0
549,2011/4/25,5,14,27,29,32,33,16,2,103280000,0
548,2011/4/21,12,13,16,28,29,35,5,3,131850000,0
547,2011/4/18,6,10,11,30,32,39,27,1,400000000,100000000
546,2011/4/14,1,14,30,34,40,43,27,0,0,300000000
545,2011/4/11,16,21,24,28,32,36,35,5,43340000,0
544,2011/4/7,11,14,16,32,41,42,33,1,291430000,0
543,2011/4/4,15,17,18,19,22,31,30,1,200000000,20000000
542,2011/3/31,10,14,23,35,38,41,17,2,148400000,0
541,2011/3/24,3,4,5,28,34,43,20,2,147040000,0
540,2011/3/17,15,23,29,35,36,41,42,2,135520000,0
539,2011/3/10,3,10,13,17,18,28,24,3,100040000,0
538,2011/3/3,2,11,14,23,26,33,28,6,47500000,0
537,2011/2/24,10,18,22,24,26,37,12,4,82260000,0
536,2011/2/17,4,10,12,14,23,36,2,3,106390000,0
535,2011/2/10,6,14,23,24,27,32,11,2,158580000,0
534,2011/2/3,1,2,19,22,26,37,43,3,260130000,0
533,2011/1/27,6,16,24,31,41,43,7,0,0,300000000
532,2011/1/20,23,28,33,35,37,42,4,4,84130000,0
531,2011/1/13,5,12,16,24,26,33,8,4,78360000,0
530,2011/1/6,1,10,19,30,33,36,35,2,147680000,0
529,2010/12/30,6,19,21,24,31,41,7,3,113260000,0
528,2010/12/23,2,5,12,21,28,32,41,3,108380000,0
527,2010/12/16,5,7,12,23,39,41,9,12,264770000,0
526,2010/12/9,8,14,18,19,26,27,23,6,50950000,0
525,2010/12/2,1,11,17,28,33,38,20,2,164190000,0
524,2010/11/25,7,11,14,18,35,40,43,3,111880000,0
523,2010/11/18,7,8,26,27,41,43,16,2,254070000,0
522,2010/11/11,3,6,16,23,25,43,37,1,200000000,100000000
521,2010/11/4,1,8,15,21,23,30,33,3,108560000,0
520,2010/10/28,2,4,12,14,26,43,40,2,390600000,0
519,2010/10/21,1,13,25,29,30,33,35,1,400000000,400000000
518,2010/10/14,14,31,34,35,40,42,25,0,0,400000000
517,2010/10/7,6,10,13,14,28,37,39,5,63510000,0
516,2010/9/30,2,14,16,17,29,30,10,7,47590000,0
515,2010/9/23,2,3,23,25,33,35,34,2,158920000,0
514,2010/9/16,6,7,14,15,19,41,31,4,162510000,0
513,2010/9/9,1,6,12,14,15,19,18,2,400000000,200000000
512,2010/9/2,14,20,23,25,33,39,34,0,0,500000000
511,2010/8/26,4,22,23,27,38,43,9,1,200000000,100000000
510,2010/8/19,12,15,26,35,41,43,25,2,165400000,0
509,2010/8/12,3,4,12,18,27,28,40,8,33280000,0
508,2010/8/5,1,7,14,15,24,42,13,2,160250000,0
507,2010/7/29,5,14,19,21,28,31,17,5,94240000,0
506,2010/7/22,5,11,21,27,37,39,26,1,200000000,100000000
505,2010/7/15,19,21,27,33,34,43,41,2,173450000,0
504,2010/7/8,12,21,22,27,29,31,35,2,389240000,0
503,2010/7/1,1,18,25,27,28,39,11,0,0,300000000
502,2010/6/24,9,12,27,28,29,41,7,3,112500000,0
501,2010/6/17,3,17,21,23,36,38,7,3,250660000,0
500,2010/6/10,6,20,28,31,34,38,10,0,0,300000000
499,2010/6/3,3,9,15,16,22,35,12,5,61830000,0
497,2010/5/27,1,25,36,41,42,43,39,3,122940000,0
497,2010/5/20,6,12,14,17,36,40,34,2,168000000,0
496,2010/5/13,2,6,11,29,32,41,3,2,174850000,0
495,2010/5/6,4,6,20,21,29,33,31,2,172200000,0
494,2010/4/29,8,16,19,23,26,31,6,2,275240000,0
493,2010/4/22,8,26,30,36,41,42,20,1,200000000,200000000
492,2010/4/15,1,8,12,20,23,37,10,3,112830000,0
491,2010/4/8,7,9,20,27,31,34,33,2,175120000,0
490,2010/4/1,5,9,13,28,34,40,10,9,38000000,0
489,2010/3/25,6,8,12,30,33,43,36,2,165570000,0
488,2010/3/18,5,15,29,34,39,42,6,6,95630000,0
487,2010/3/11,2,6,8,19,22,34,30,1,200000000,100000000
486,2010/3/4,16,25,27,29,34,41,6,2,183820000,0
485,2010/2/25,14,26,30,33,34,39,19,5,169450000,0
484,2010/2/18,13,19,25,29,32,35,42,0,0,400000000
483,2010/2/11,2,8,15,24,33,35,30,5,117610000,0
482,2010/2/4,4,30,31,36,37,38,19,1,200000000,200000000
481,2010/1/28,2,9,11,24,25,34,20,7,52520000,0
480,2010/1/21,2,5,17,18,35,38,34,5,162530000,0
479,2010/1/14,5,7,14,17,20,27,3,0,0,300000000
478,2010/1/7,11,14,23,30,31,38,42,4,97980000,0
477,2009/12/24,12,14,16,18,38,41,17,2,185140000,0
476,2009/12/17,7,17,22,30,36,40,2,5,69400000,0
475,2009/12/10,5,9,10,27,33,42,2,5,66670000,0
474,2009/12/3,12,15,19,25,28,41,18,4,84730000,0
473,2009/11/26,6,16,17,22,34,37,26,4,86970000,0
472,2009/11/19,10,17,28,30,36,42,5,5,108550000,0
471,2009/11/12,2,13,14,22,23,32,34,1,200000000,100000000
470,2009/11/5,1,11,17,23,38,43,18,3,190680000,0
496,2009/10/29,10,12,20,35,40,43,28,1,200000000,200000000
468,2009/10/22,9,17,26,30,34,40,33,6,96630000,0
467,2009/10/15,18,19,20,24,32,43,41,1,200000000,200000000
466,2009/10/8,1,4,19,28,34,40,14,2,282220000,0
465,2009/10/1,6,24,27,30,32,38,13,1,200000000,200000000
464,2009/9/24,10,21,22,25,27,37,36,3,115940000,0
463,2009/9/17,10,13,16,25,30,42,28,2,302910000,0
462,2009/9/10,2,4,6,16,31,33,5,1,400000000,200000000
461,2009/9/3,8,10,13,30,32,42,12,1,200000000,200000000
460,2009/8/27,18,22,23,32,35,40,7,2,181190000,0
459,2009/8/20,11,13,27,31,37,43,30,5,66340000,0
458,2009/8/13,1,18,27,30,36,40,5,2,389430000,0
457,2009/8/6,10,12,27,32,34,43,42,0,0,400000000
456,2009/7/30,3,7,15,25,30,39,22,6,124170000,0
455,2009/7/23,11,20,26,28,30,43,24,0,0,0
454,2009/7/16,2,16,18,27,42,43,12,2,172370000,0
453,2009/7/9,7,17,19,27,35,40,41,4,139190000,0
452,2009/7/2,1,5,25,27,29,40,19,1,200000000,200000000
451,2009/6/25,6,14,16,19,26,39,21,2,115960000,0
450,2009/6/18,15,20,21,32,40,42,27,2,187580000,0
449,2009/6/11,19,20,21,23,27,32,24,3,267030000,0
448,2009/6/4,9,23,32,35,39,42,37,0,0,300000000
447,2009/5/28,15,23,29,36,42,43,34,4,88200000,0
446,2009/5/21,3,8,17,26,27,36,13,8,38560000,0
445,2009/5/14,10,20,23,26,37,40,9,3,121570000,0
444,2009/5/7,5,13,16,18,24,32,30,7,46880000,0
443,2009/4/30,6,10,21,22,23,35,5,3,119510000,0
442,2009/4/23,2,23,26,35,41,42,38,2,307920000,0
441,2009/4/16,10,18,33,34,39,41,21,1,200000000,200000000
440,2009/4/9,9,23,29,30,31,39,18,2,290150000,0
439,2009/4/2,11,14,20,28,32,41,27,1,200000000,200000000
438,2009/3/26,3,9,16,17,20,31,42,3,180660000,0
437,2009/3/19,2,5,11,21,23,43,15,1,200000000,200000000
436,2009/3/12,4,12,21,22,27,38,31,12,28640000,0
435,2009/3/5,2,11,12,28,35,37,27,5,68930000,0
434,2009/2/26,3,12,19,33,35,36,37,2,177900000,0
433,2009/2/19,3,9,11,24,26,34,25,2,311040000,0
432,2009/2/12,8,20,23,24,42,43,16,1,200000000,200000000
431,2009/2/5,1,5,19,20,35,41,33,5,80140000,0
430,2009/1/29,1,8,18,26,34,42,21,9,45400000,0
429,2009/1/22,17,25,29,33,37,42,7,6,124620000,0
428,2009/1/15,8,16,18,35,42,43,13,2,400000000,300000000
427,2009/1/8,5,12,13,33,39,42,20,1,400000000,5
426,2008/12/25,6,8,9,29,32,37,4,0,0,400000000
425,2008/12/18,2,3,12,20,34,43,4,3,126520000,0
424,2008/12/11,3,13,17,25,40,41,4,5,73210000,0
423,2008/12/4,1,2,3,30,35,36,21,7,54460000,0
422,2008/11/27,5,6,7,8,28,38,36,6,175380000,0
421,2008/11/20,2,6,8,10,25,34,31,0,0,600000000
420,2008/11/13,14,19,21,28,29,31,24,1,200000000,200000000
419,2008/11/6,5,8,16,25,26,30,1,6,56860000,0
418,2008/10/30,3,12,16,25,32,36,34,5,68410000,0
417,2008/10/23,3,20,23,30,31,37,6,7,47160000,0
416,2008/10/16,12,15,22,24,29,37,6,4,83820000,0
415,2008/10/9,9,28,33,34,37,43,41,3,122290000,0
414,2008/10/2,1,2,4,5,9,25,15,9,37010000,0
413,2008/9/25,2,14,15,26,35,37,25,2,176760000,0
412,2008/9/18,2,6,7,9,16,19,33,2,174390000,0
411,2008/9/11,2,4,6,24,35,39,34,2,320330000,0
410,2008/9/4,2,12,16,20,42,43,28,1,200000000,200000000
409,2008/8/28,6,13,17,27,28,36,33,6,88450000,0
408,2008/8/21,12,20,23,28,31,32,39,1,200000000,100000000
407,2008/8/14,11,18,19,30,37,39,38,3,250780000,0
406,2008/8/7,1,2,4,16,36,37,40,0,0,300000000
405,2008/7/31,6,13,19,20,30,31,8,2,175640000,0
404,2008/7/24,3,10,14,18,26,43,33,4,139120000,0
403,2008/7/17,8,10,13,20,24,33,23,1,200000000,200000000
402,2008/7/10,3,18,23,24,29,33,28,2,177700000,0
401,2008/7/3,14,15,27,34,35,42,37,8,46780000,0
400,2008/6/26,4,9,19,22,23,33,38,4,91120000,0
399,2008/6/19,1,14,17,28,31,37,21,5,130840000,0
398,2008/6/12,2,31,36,37,39,43,13,1,400000000,200000000
397,2008/6/5,15,16,23,30,39,43,11,1,200000000,0
396,2008/5/29,9,12,21,26,33,40,5,6,235390000,0
395,2008/5/22,15,21,26,28,42,43,39,0,0,800000000
394,2008/5/15,14,27,28,31,37,40,18,0,0,400000000
393,2008/5/8,7,18,27,37,38,43,35,2,173100000,0
392,2008/5/1,10,15,18,30,31,37,11,6,56760000,0
391,2008/4/24,8,20,23,24,29,38,43,3,114850000,0
390,2008/4/17,5,16,17,22,39,43,21,4,89880000,0
389,2008/4/10,6,12,22,25,31,35,28,5,69910000,0
388,2008/4/3,5,12,14,18,20,31,2,2,178490000,0
387,2008/3/27,12,16,19,27,30,32,38,4,92430000,0
386,2008/3/20,2,9,11,15,23,25,27,7,84540000,0
385,2008/3/13,6,31,34,35,37,40,7,1,200000000,200000000
384,2008/3/6,17,19,20,22,33,41,35,2,315260000,0
383,2008/2/28,7,12,17,18,24,28,43,1,200000000,200000000
382,2008/2/21,2,6,15,28,29,43,14,5,145710000,0
381,2008/2/14,4,13,15,22,39,41,30,1,400000000,200000000
380,2008/2/7,17,22,25,26,27,43,16,1,400000000,200000000
379,2008/1/31,8,13,15,21,33,34,5,2,400000000,80000000
378,2008/1/24,11,13,19,26,36,43,31,0,0,400000000
377,2008/1/17,2,3,8,20,21,24,13,3,229940000,0
376,2008/1/10,20,21,25,27,34,38,16,1,200000000,200000000
375,2007/12/27,7,9,14,17,36,37,11,7,85280000,0
374,2007/12/20,4,24,25,26,27,34,28,1,200000000,200000000
373,2007/12/13,7,14,15,19,35,43,30,2,183120000,0
372,2007/12/6,7,19,28,33,35,39,21,7,49670000,0
371,2007/11/29,14,15,23,24,32,34,31,2,187510000,0
370,2007/11/22,2,11,13,15,16,32,43,3,122240000,0
369,2007/11/15,3,9,12,16,18,37,14,2,175760000,0
368,2007/11/8,7,10,18,21,33,35,13,7,162710000,0
367,2007/11/1,10,13,17,38,41,43,28,0,0,600000000
366,2007/10/25,12,13,15,18,30,41,21,1,200000000,100000000
365,2007/10/18,6,19,20,28,36,37,11,8,65370000,0
364,2007/10/11,7,11,12,19,33,42,36,1,200000000,100000000
363,2007/10/4,3,6,7,22,27,31,4,4,135650000,0
362,2007/9/27,7,10,15,20,37,40,28,1,400000000,200000000
361,2007/9/20,1,21,28,30,37,43,31,1,200000000,200000000
360,2007/9/13,2,3,6,14,26,42,25,3,109520000,0
359,2007/9/6,3,5,19,20,23,27,40,7,44620000,0
358,2007/8/30,12,31,32,34,39,42,30,5,74320000,0
357,2007/8/23,2,10,11,12,19,38,6,2,159170000,0
356,2007/8/16,1,5,8,12,17,29,28,8,57230000,0
355,2007/8/9,1,11,24,26,36,37,39,1,200000000,100000000
354,2007/8/2,4,6,22,31,34,41,43,4,86610000,0
353,2007/7/26,1,9,15,16,22,26,29,3,111960000,0
352,2007/7/19,6,8,24,25,34,38,10,2,168600000,0
351,2007/7/12,3,13,16,24,26,43,15,3,122810000,0
350,2007/7/5,13,18,25,26,29,40,6,5,117200000,0
349,2007/6/28,8,13,15,19,20,30,25,1,200000000,200000000
348,2007/6/21,4,5,6,27,36,38,13,4,83410000,0
347,2007/6/14,8,20,23,27,32,33,13,2,175070000,0
346,2007/6/7,4,9,11,12,32,38,16,2,275060000,0
345,2007/5/31,10,21,22,25,35,37,18,1,200000000,200000000
344,2007/5/24,8,11,16,20,28,36,42,7,47840000,0
343,2007/5/17,13,28,29,37,38,41,35,3,122220000,0
342,2007/5/10,8,15,26,27,34,38,10,7,47710000,0
341,2007/5/3,4,14,23,25,28,35,41,2,167680000,0
340,2007/4/26,4,10,13,31,35,42,7,3,125210000,0
339,2007/4/19,3,5,9,26,34,36,12,4,144870000,0
338,2007/4/12,8,10,25,31,39,40,35,1,200000000,200000000
337,2007/4/5,5,15,16,20,34,39,29,2,286730000,0
336,2007/3/29,3,6,13,17,20,29,11,1,200000000,100000000
335,2007/3/22,4,5,10,23,36,42,8,2,176760000,0
334,2007/3/15,11,14,17,18,34,36,23,5,127950000,0
333,2007/3/8,1,5,7,15,41,42,38,1,400000000,200000000
332,2007/3/1,7,8,16,24,26,34,19,1,200000000,200000000
331,2007/2/22,2,8,17,24,32,38,35,21,16620000,0
330,2007/2/15,5,12,16,19,28,39,34,5,69430000,0
329,2007/2/8,6,8,15,17,39,40,37,5,71020000,0
328,2007/2/1,3,7,10,12,19,36,35,7,49890000,0
327,2007/1/25,6,12,14,28,31,36,35,6,61980000,0
326,2007/1/18,1,7,9,14,23,43,19,6,60710000,0
325,2007/1/11,6,7,18,29,33,39,43,5,71890000,0
324,2007/1/4,5,13,27,37,39,41,36,4,64830000,0
323,2006/12/28,9,11,21,23,33,39,26,8,45430000,0
322,2006/12/21,18,19,22,25,35,42,36,3,144520000,0
321,2006/12/14,21,29,31,36,38,41,10,2,200000000,0
320,2006/12/7,1,5,25,27,38,41,9,4,91310000,0
319,2006/11/30,15,20,23,28,37,40,17,7,122100000,0
318,2006/11/23,2,7,13,16,36,37,41,0,0,400000000
317,2006/11/16,7,8,15,30,35,36,40,7,54350000,0
316,2006/11/9,3,4,20,30,40,41,31,4,97230000,0
315,2006/11/2,1,2,17,24,40,41,31,5,80560000,0
314,2006/10/26,3,8,14,30,38,43,6,4,100990000,0
313,2006/10/19,1,19,21,31,32,40,33,3,143880000,0
312,2006/10/12,2,17,22,29,38,42,16,10,89460000,0
311,2006/10/5,1,16,22,36,37,42,34,1,400000000,400000000
310,2006/9/28,3,4,5,18,28,37,26,1,400000000,200000000
309,2006/9/21,1,4,26,36,41,42,9,2,400000000,200000000
308,2006/9/14,3,13,18,20,23,28,35,0,0,400000000
307,2006/9/7,1,7,11,32,33,40,27,6,251100000,0
306,2006/8/31,1,20,25,28,31,42,2,0,0,600000000
305,2006/8/24,1,2,5,23,31,34,43,1,200000000,200000000
304,2006/8/17,3,7,8,15,17,31,27,7,105410000,0
303,2006/8/10,4,24,31,35,37,39,13,0,0,300000000
302,2006/8/3,2,4,13,23,38,40,24,2,177880000,0
301,2006/7/27,4,5,6,9,10,11,33,28,18470000,0
300,2006/7/20,4,7,29,33,36,39,9,1,400000000,100000000
299,2006/7/13,2,4,5,17,35,41,18,1,200000000,200000000
298,2006/7/6,12,25,29,31,35,40,26,5,175330000,0
297,2006/6/29,6,8,9,20,38,40,2,0,0,300000000
296,2006/6/22,4,19,27,30,31,37,10,4,86070000,0
295,2006/6/15,9,12,18,20,37,43,5,2,178470000,0
294,2006/6/8,2,5,13,14,17,20,21,3,192570000,0
293,2006/6/1,6,8,15,17,36,43,38,1,200000000,200000000
292,2006/5/25,7,14,27,31,34,39,40,6,58880000,0
291,2006/5/18,10,15,20,28,41,43,19,2,321480000,0
290,2006/5/11,11,13,15,17,22,43,8,1,200000000,200000000
289,2006/5/4,7,9,12,17,34,38,3,3,107380000,0
288,2006/4/27,3,4,11,25,28,33,35,11,81650000,0
287,2006/4/20,1,5,18,34,35,39,7,0,0,400000000
286,2006/4/13,10,11,14,28,31,41,3,5,75110000,0
285,2006/4/6,1,3,9,14,16,29,37,7,52460000,0
284,2006/3/30,20,26,30,33,35,38,4,6,215520000,0
283,2006/3/23,6,9,16,22,27,37,36,0,0,600000000
282,2006/3/16,1,9,17,31,41,43,23,1,200000000,200000000
281,2006/3/9,3,9,10,11,19,35,30,16,35300000,0
280,2006/3/2,6,12,26,37,38,39,25,1,200000000,100000000
279,2006/2/23,7,11,12,23,30,43,27,8,41770000,0
278,2006/2/16,9,13,14,17,22,38,33,4,146430000,0
277,2006/2/9,7,9,18,20,30,38,23,1,200000000,200000000
276,2006/2/2,6,11,27,30,33,36,34,2,161100000,0
275,2006/1/26,4,13,15,31,33,40,8,3,123320000,0
274,2006/1/19,4,5,14,27,31,39,6,6,58470000,0
273,2006/1/12,4,18,20,21,29,40,37,2,387920000,0
272,2006/1/5,7,12,13,20,23,26,41,0,0,300000000
271,2005/12/29,9,10,19,25,40,41,8,2,181180000,0
270,2005/12/22,17,19,21,29,33,38,30,4,85350000,0
269,2005/12/15,1,10,13,15,21,23,36,3,116590000,0
268,2005/12/8,3,6,8,14,24,36,15,5,65170000,0
267,2005/12/1,3,5,8,22,35,38,41,6,58510000,0
266,2005/11/24,11,15,18,24,30,39,7,8,40410000,0
265,2005/11/17,2,3,16,22,23,28,40,5,242160000,0
264,2005/11/10,2,5,6,8,20,27,43,0,0,500000000
263,2005/11/3,1,5,13,22,39,41,4,1,200000000,100000000
262,2005/10/27,5,7,11,19,21,25,27,5,62630000,0
261,2005/10/20,6,17,18,21,35,41,32,6,54810000,0
260,2005/10/13,11,15,21,31,37,41,30,9,34540000,0
259,2005/10/6,1,12,15,23,34,42,27,21,22910000,0
258,2005/9/29,3,15,16,17,25,31,40,1,200000000,100000000
257,2005/9/22,7,15,29,30,39,40,11,2,157890000,0
256,2005/9/15,15,17,18,28,30,37,40,2,151370000,0
255,2005/9/8,6,7,12,17,34,42,8,4,80320000,0
254,2005/9/1,12,13,22,23,25,29,40,4,121920000,0
253,2005/8/25,15,16,19,22,36,43,13,1,200000000,100000000
252,2005/8/18,2,6,13,22,32,33,12,3,102820000,0
251,2005/8/11,2,12,19,25,29,36,26,4,73940000,0
250,2005/8/4,3,8,9,13,22,42,11,3,102350000,0
249,2005/7/28,1,3,17,23,33,35,18,3,104650000,0
248,2005/7/21,11,32,35,36,39,41,6,3,102050000,0
247,2005/7/14,8,16,30,32,34,39,13,2,163480000,0
246,2005/7/7,16,28,32,34,39,42,38,2,173660000,0
245,2005/6/30,3,6,18,24,28,36,21,7,41990000,0
244,2005/6/23,11,12,30,36,38,39,37,2,166560000,0
243,2005/6/16,5,34,35,38,42,43,8,2,400000000,0
242,2005/6/9,1,10,13,22,29,32,38,0,0,300000000
241,2005/6/2,8,14,27,33,36,40,20,4,73980000,0
240,2005/5/26,11,15,26,31,36,39,12,3,99490000,0
239,2005/5/19,4,9,18,30,31,40,24,7,41390000,0
238,2005/5/12,5,10,15,20,33,37,30,4,82060000,0
237,2005/5/5,1,3,11,13,27,37,30,3,92750000,0
236,2005/4/28,1,8,9,14,34,38,4,2,170370000,0
235,2005/4/21,6,21,23,24,28,39,38,3,107700000,0
234,2005/4/14,11,17,24,26,27,30,19,3,110800000,0
233,2005/4/7,6,18,26,40,41,42,9,3,252070000,0
232,2005/3/31,1,5,7,26,39,43,32,0,0,300000000
231,2005/3/24,1,4,6,16,18,43,41,4,78090000,0
230,2005/3/17,4,9,18,31,36,42,34,167,1810000,0
229,2005/3/10,8,16,21,24,27,36,20,3,103010000,0
228,2005/3/3,5,8,17,26,36,39,34,4,75750000,0
227,2005/2/24,6,13,17,29,32,36,35,9,59350000,0
226,2005/2/17,8,26,36,40,42,43,21,1,200000000,200000000
225,2005/2/10,9,11,21,31,35,38,13,4,127130000,0
224,2005/2/3,12,17,18,19,30,35,13,1,200000000,100000000
223,2005/1/27,7,9,19,26,30,32,3,4,84930000,0
222,2005/1/20,4,14,15,22,29,31,20,4,84870000,0
221,2005/1/13,8,27,30,31,38,42,13,3,320380000,0
220,2005/1/6,23,25,26,29,33,37,40,0,0,400000000
219,2004/12/30,27,28,29,34,35,39,33,1,200000000,100000000
218,2004/12/23,8,10,18,22,31,36,4,5,55480000,0
217,2004/12/16,8,19,23,27,29,39,28,4,74450000,0
216,2004/12/9,9,21,29,33,35,41,27,3,108830000,0
215,2004/12/2,1,4,13,18,22,31,30,4,80650000,0
214,2004/11/25,4,7,9,11,20,36,32,3,155940000,0
213,2004/11/18,4,7,18,26,29,43,8,1,200000000,100000000
212,2004/11/11,1,11,17,32,35,39,20,2,241840000,0
211,2004/11/4,10,14,23,26,33,36,24,1,200000000,100000000
210,2004/10/28,1,6,21,22,37,40,19,2,390780000,0
209,2004/10/21,8,27,30,35,40,41,9,0,0,300000000
208,2004/10/14,18,24,29,32,35,39,23,2,332830000,0
207,2004/10/7,17,21,23,30,31,34,5,0,0,300000000
206,2004/9/30,1,3,16,22,41,43,13,2,148160000,0
205,2004/9/23,4,7,9,16,18,34,26,3,87670000,0
204,2004/9/16,2,17,20,25,39,42,30,2,150340000,0
203,2004/9/9,12,18,20,27,35,37,39,3,97540000,0
202,2004/9/2,9,18,26,28,33,40,10,2,212100000,0
201,2004/8/26,10,13,16,17,24,39,43,1,200000000,100000000
200,2004/8/19,4,7,11,19,25,28,2,6,42900000,0
199,2004/8/12,3,14,24,25,33,36,41,16,25200000,0
198,2004/8/5,4,5,6,17,20,42,10,1,200000000,100000000
197,2004/7/29,9,10,17,22,28,30,19,7,37490000,0
196,2004/7/22,4,5,11,16,30,33,14,5,57120000,0
195,2004/7/15,5,10,12,22,26,41,19,2,149100000,0
194,2004/7/8,4,11,12,21,36,38,37,3,249320000,0
193,2004/7/1,3,4,18,31,40,43,22,0,0,300000000
192,2004/6/24,3,7,19,27,39,41,10,12,70100000,0
191,2004/6/17,4,7,25,27,34,43,35,0,0,400000000
190,2004/6/10,17,23,30,31,39,43,42,1,400000000,60000000
189,2004/6/3,3,32,35,36,39,40,5,1,200000000,100000000
188,2004/5/27,3,8,18,25,26,39,38,10,27660000,0
187,2004/5/20,12,21,22,27,39,40,25,4,111900000,0
186,2004/5/13,7,16,18,33,36,41,4,1,200000000,100000000
185,2004/5/6,8,13,14,18,35,41,33,2,149620000,0
184,2004/4/29,5,7,23,31,39,42,19,3,252440000,0
183,2004/4/22,14,29,31,36,38,40,33,0,0,300000000
182,2004/4/15,22,23,28,37,40,43,30,3,108360000,0
181,2004/4/8,1,2,7,21,29,30,23,4,78000000,0
180,2004/4/1,4,10,11,12,20,36,28,2,136450000,0
179,2004/3/25,3,6,11,13,15,16,23,3,95430000,0
178,2004/3/18,10,22,27,30,36,39,4,6,47740000,0
177,2004/3/11,6,18,19,30,36,41,27,4,74870000,0
176,2004/3/4,8,19,25,31,34,37,30,5,62010000,0
175,2004/2/26,2,3,10,22,28,40,43,2,244240000,0
174,2004/2/19,2,9,16,36,38,42,6,1,200000000,100000000
173,2004/2/12,6,10,22,30,31,35,18,7,43030000,0
172,2004/2/5,10,11,22,23,33,34,27,9,33740000,0
171,2004/1/29,5,6,17,23,32,33,39,6,51410000,0
170,2004/1/22,10,12,15,17,30,31,6,4,75230000,0
169,2004/1/15,3,15,17,19,26,36,39,3,176290000,0
168,2004/1/8,1,6,31,32,36,39,42,1,200000000,200000000
167,2003/12/25,10,14,17,19,29,42,2,3,174050000,0
166,2003/12/18,14,18,20,28,34,38,17,1,200000000,100000000
165,2003/12/11,9,11,16,21,25,36,10,2,146950000,0
164,2003/12/4,1,2,13,14,35,38,32,5,66330000,0
163,2003/11/27,2,3,11,17,24,34,28,5,142050000,0
162,2003/11/20,3,22,25,30,33,37,35,0,0,300000000
161,2003/11/13,23,26,28,33,38,42,8,3,113800000,0
160,2003/11/6,4,10,20,30,31,32,26,2,380260000,0
159,2003/10/30,12,23,30,31,38,42,6,0,0,300000000
158,2003/10/23,1,6,12,35,37,38,30,2,328560000,0
157,2003/10/16,5,8,17,19,25,27,21,1,400000000,300000000
156,2003/10/9,6,20,22,29,30,35,39,0,0,300000000
155,2003/10/2,5,6,7,18,22,27,41,6,42280000,0
154,2003/9/25,7,9,18,26,27,38,14,7,35010000,0
153,2003/9/18,4,7,8,12,25,26,41,6,43090000,0
152,2003/9/11,4,8,12,16,31,33,17,5,55080000,0
151,2003/9/4,3,8,17,25,28,32,27,7,39220000,0
150,2003/8/28,10,11,18,20,31,43,27,2,149820000,0
149,2003/8/21,8,9,13,20,33,37,19,3,95560000,0
148,2003/8/14,3,16,18,20,28,29,9,3,119120000,0
147,2003/8/7,16,18,20,29,30,38,27,1,200000000,100000000
146,2003/7/31,7,17,27,36,37,39,4,21,13940000,0
145,2003/7/24,1,4,10,21,23,38,7,2,360490000,0
144,2003/7/17,1,16,19,33,38,41,43,0,0,300000000
143,2003/7/10,17,21,22,27,33,41,43,2,149820000,0
142,2003/7/3,2,16,22,27,29,39,38,4,76210000,0
141,2003/6/26,8,9,14,24,32,39,30,5,60720000,0
140,2003/6/19,17,19,29,37,39,40,10,2,146130000,0
139,2003/6/12,10,21,22,28,37,41,12,3,95220000,0
138,2003/6/5,7,9,10,16,23,29,18,2,146220000,0
137,2003/5/29,10,13,20,22,25,42,14,3,103960000,0
136,2003/5/22,3,13,26,31,32,39,1,2,155570000,0
135,2003/5/15,7,13,30,33,35,36,11,2,161140000,0
134,2003/5/8,2,6,11,14,18,19,21,5,93700000,0
133,2003/5/1,17,24,26,35,40,41,16,1,200000000,100000000
132,2003/4/24,3,18,23,31,32,37,1,4,236250000,0
131,2003/4/17,6,30,33,34,40,43,1,0,0,500000000
130,2003/4/10,22,30,31,34,38,39,2,1,400000000,100000000
129,2003/4/3,6,18,25,26,30,42,24,1,200000000,100000000
128,2003/3/27,6,10,18,20,29,39,21,3,140900000,0
127,2003/3/20,14,16,21,26,37,40,3,1,400000000,70000000
126,2003/3/13,5,6,9,10,21,38,20,1,200000000,100000000
125,2003/3/6,11,15,19,30,36,41,10,6,121120000,0
124,2003/2/27,4,17,23,30,39,40,28,0,0,300000000
123,2003/2/20,14,21,26,28,29,31,8,3,244260000,0
122,2003/2/13,19,20,21,25,33,42,41,1,400000000,300000000
121,2003/2/6,3,8,10,22,28,41,35,0,0,300000000
120,2003/1/30,15,18,22,25,36,40,14,2,143790000,0
119,2003/1/23,3,4,11,12,15,30,17,5,52450000,0
118,2003/1/16,9,13,21,30,32,37,20,7,43280000,0
117,2003/1/9,5,7,19,20,38,43,4,2,228450000,0
116,2002/12/26,8,10,15,16,26,31,42,1,200000000,100000000
115,2002/12/19,8,9,11,27,37,39,18,3,87700000,0
114,2002/12/12,7,13,14,29,38,42,9,3,96070000,0
113,2002/12/5,3,17,27,29,30,42,6,1,400000000,0
112,2002/11/28,16,18,23,25,29,30,41,1,200000000,100000000
111,2002/11/21,11,15,21,31,32,43,24,6,135840000,0
110,2002/11/14,5,6,8,19,37,41,9,0,0,400000000
109,2002/11/7,2,5,12,18,30,41,24,1,200000000,70000000
108,2002/10/31,9,22,23,25,34,37,8,4,84240000,0
107,2002/10/24,4,5,11,12,28,32,37,1,200000000,50000000
106,2002/10/17,8,11,21,22,25,27,26,2,128250000,0
105,2002/10/10,1,9,14,22,25,34,18,2,137020000,0
104,2002/10/3,1,11,17,26,28,35,12,6,42080000,0
103,2002/9/26,1,16,17,27,29,34,39,3,89200000,0
102,2002/9/19,4,5,18,27,35,36,41,4,103920000,0
101,2002/9/12,21,27,29,30,36,40,23,1,200000000,100000000
100,2002/9/5,6,8,11,14,31,33,23,11,38560000,0
99,2002/8/29,5,9,12,28,29,39,27,1,400000000,100000000
98,2002/8/22,7,16,34,37,38,39,8,1,400000000,200000000
97,2002/8/15,4,10,17,34,35,42,43,0,0,200000000
96,2002/8/8,1,13,15,34,36,43,37,2,128990000,0
95,2002/8/1,2,3,12,15,25,27,33,5,43830000,0
94,2002/7/25,11,16,17,18,29,40,9,3,129040000,0
93,2002/7/18,10,23,33,36,37,41,28,1,200000000,100000000
92,2002/7/11,5,17,20,24,28,40,16,2,327320000,0
91,2002/7/4,13,15,17,26,41,43,6,0,0,300000000
90,2002/6/27,13,15,17,18,30,32,9,2,138030000,0
89,2002/6/20,3,13,23,30,35,43,21,7,37730000,0
88,2002/6/13,5,6,8,20,21,26,30,4,64720000,0
87,2002/6/6,3,8,12,36,39,41,10,3,91410000,0
86,2002/5/30,3,7,16,24,29,36,26,14,42350000,0
85,2002/5/23,5,13,18,22,23,32,28,0,0,200000000
84,2002/5/16,17,19,26,28,35,37,40,17,15690000,0
83,2002/5/9,1,16,21,28,35,37,30,1,338040000,0
82,2002/5/2,10,12,19,25,26,39,28,1,200000000,50000000
81,2002/4/25,1,11,15,23,26,27,41,3,82110000,0
80,2002/4/18,1,4,12,16,19,34,18,1,361170000,0
79,2002/4/11,20,22,27,32,36,43,23,1,200000000,80000000
78,2002/4/4,5,14,23,32,33,43,37,7,38850000,0
77,2002/3/28,5,10,15,28,37,38,13,3,86320000,0
76,2002/3/21,1,10,12,16,20,35,29,3,82360000,0
75,2002/3/14,2,4,9,19,23,31,18,3,87270000,0
74,2002/3/7,3,14,27,28,40,43,39,3,216690000,0
73,2002/2/28,1,6,15,19,27,36,25,0,0,300000000
72,2002/2/21,10,12,24,29,33,37,34,3,89050000,0
71,2002/2/14,1,10,11,13,19,20,3,3,93390000,0
70,2002/2/7,6,11,20,23,24,31,17,1,381470000,0
69,2002/1/31,1,9,31,35,40,41,14,1,200000000,80000000
68,2002/1/24,16,23,30,35,37,39,38,4,65070000,0
67,2002/1/17,1,4,6,11,18,25,3,5,47130000,0
66,2002/1/10,7,15,17,30,33,35,14,6,45890000,0
65,2001/12/27,2,10,22,23,31,43,28,2,138820000,0
64,2001/12/20,2,14,19,22,32,41,9,4,63570000,0
63,2001/12/13,11,16,20,28,34,40,22,3,86090000,0
62,2001/12/6,2,3,9,12,15,30,42,5,47590000,0
61,2001/11/29,4,8,22,25,27,28,6,1,338400000,0
60,2001/11/22,20,21,23,28,30,42,29,1,200000000,80000000
59,2001/11/15,9,15,17,30,32,41,31,3,87560000,0
58,2001/11/8,4,8,9,13,16,25,28,2,116830000,0
57,2001/11/1,2,14,22,27,35,42,34,14,17750000,0
56,2001/10/25,10,13,25,31,32,42,40,2,293590000,0
55,2001/10/18,11,12,13,14,37,39,28,0,0,300000000
54,2001/10/11,14,25,26,31,37,42,7,1,200000000,20000000
53,2001/10/4,2,15,23,37,40,43,25,6,36510000,0
52,2001/9/27,1,16,24,25,36,42,21,3,72300000,0
51,2001/9/20,7,15,24,37,38,41,34,7,29180000,0
50,2001/9/13,5,13,15,25,27,39,40,4,48420000,0
49,2001/9/6,2,13,21,31,32,41,35,2,118590000,0
48,2001/8/30,2,5,28,30,33,40,26,3,76260000,0
47,2001/8/23,3,11,14,25,27,31,22,5,400020000,0
46,2001/8/16,11,14,21,24,25,42,41,2,111750000,0
45,2001/8/9,7,9,28,32,36,38,8,1,200000000,100000000
44,2001/8/2,3,16,24,31,34,42,36,3,74420000,0
43,2001/7/26,1,2,3,15,24,26,27,3,75840000,0
42,2001/7/19,4,15,21,24,33,37,9,2,134390000,0
41,2001/7/12,18,21,27,33,36,38,23,1,200000000,400000000
40,2001/7/5,5,17,25,34,38,39,2,2,118540000,0
39,2001/6/28,10,18,22,25,39,42,17,8,67310000,0
38,2001/6/21,2,9,26,27,34,43,42,0,0,200000000
37,2001/6/14,3,5,9,17,21,41,26,3,88170000,0
36,2001/6/7,1,16,20,23,30,40,17,1,200000000,40000000
35,2001/5/31,3,5,13,30,32,41,28,1,282370000,0
34,2001/5/24,2,20,25,30,37,40,10,1,200000000,40000000
33,2001/5/17,8,17,22,25,29,41,13,2,117950000,0
32,2001/5/10,3,6,7,23,29,41,33,2,122160000,0
31,2001/5/3,7,18,22,25,28,43,4,3,176670000,0
30,2001/4/26,4,16,17,19,26,37,8,0,0,300000000
29,2001/4/19,8,12,20,35,37,40,33,9,57330000,0
28,2001/4/12,6,11,15,20,31,41,7,0,0,200000000
27,2001/4/5,4,8,20,30,33,38,10,1,282180000,0
26,2001/3/29,3,4,11,12,13,43,22,1,200000000,30000000
25,2001/3/22,11,32,34,37,40,43,8,2,147440000,0
24,2001/3/15,15,18,19,30,36,38,13,1,200000000,400000000
23,2001/3/8,7,10,28,32,33,40,13,2,123830000,0
22,2001/3/1,8,12,16,19,20,35,41,2,246910000,0
21,2001/2/22,5,7,13,19,38,41,42,0,0,200000000
20,2001/2/15,7,29,33,35,37,39,19,2,123070000,0
19,2001/2/8,4,8,12,30,33,43,14,2,125270000,0
18,2001/2/1,6,16,18,27,36,41,33,4,130210000,0
17,2001/1/25,14,20,25,34,35,36,11,0,0,200000000
16,2001/1/18,5,12,13,29,34,35,30,4,114690000,0
15,2001/1/11,4,6,11,20,21,28,36,0,0,200000000
14,2001/1/4,2,8,11,35,37,38,43,1,141840000,0
13,2000/12/28,13,29,31,37,41,42,17,3,90070000,0
12,2000/12/21,14,17,27,28,35,39,22,1,400000000,300000000
11,2000/12/14,12,26,32,37,40,42,16,1,400000000,200000000
10,2000/12/7,1,3,19,21,35,39,26,0,0,300000000
9,2000/11/30,11,19,23,38,39,42,15,1,400000000,60000000
8,2000/11/23,11,16,18,20,42,43,28,0,0,200000000
7,2000/11/16,7,19,21,23,33,35,26,1,348640000,0
6,2000/11/9,6,12,23,25,28,38,22,1,400000000,100000000
5,2000/11/2,9,15,21,23,27,28,43,0,0,300000000
4,2000/10/26,16,18,26,27,34,40,13,0,0,100000000
3,2000/10/19,1,5,15,31,36,38,13,2,121340000,0
2,2000/10/12,1,9,16,20,21,43,5,0,0,100000000
1,2000/10/5,2,8,10,13,27,30,39,2,45510000,0
